op,graph_name,family,tsol,dtype,physical_storage,accumulators,frontend,graph_ir,schedule_ir,tile_ir,cpu,x86,apple_cpu,apple_gpu,nvidia_sm120,rocm_gfx1151,rocm_gfx1200,rocm_gfx1250,rocm_gfx1251,gaps
spec_accept,tessera.spec_accept,acceptance_verification,no,bf16,bf16,fp32,public,registered,complete,planned,unsupported,legal_only,unsupported,unsupported,absent,unsupported,absent,absent,absent,tile/physical/direct_test
spec_accept,tessera.spec_accept,acceptance_verification,no,fp32,fp32,fp32,public,registered,complete,fused,reference,legal_only,reference,device_verified_jit,absent,unsupported,absent,absent,absent,
spec_accept,tessera.spec_accept,acceptance_verification,no,int32,int32,fp32,public,registered,complete,fused,unsupported,unsupported,unsupported,unsupported,absent,device_verified_jit,absent,absent,absent,
spec_accept_sample,tessera.spec_accept_sample,acceptance_verification,no,bf16,bf16,fp32,public,registered,complete,planned,unsupported,legal_only,unsupported,unsupported,absent,unsupported,absent,absent,absent,tile/physical/direct_test
spec_accept_sample,tessera.spec_accept_sample,acceptance_verification,no,fp32,fp32,fp32,public,registered,complete,fused,reference,legal_only,reference,device_verified_jit,absent,device_verified_jit,absent,absent,absent,
spec_accept_sample,tessera.spec_accept_sample,acceptance_verification,no,int32,int32,fp32,public,registered,complete,fused,unsupported,unsupported,unsupported,unsupported,absent,device_verified_jit,absent,absent,absent,
spec_accept_tree_sample,tessera.spec_accept_tree_sample,acceptance_verification,no,bf16,bf16,fp32,public,registered,complete,planned,unsupported,legal_only,unsupported,unsupported,absent,unsupported,absent,absent,absent,tile/physical/direct_test
spec_accept_tree_sample,tessera.spec_accept_tree_sample,acceptance_verification,no,fp32,fp32,fp32,public,registered,complete,fused,reference,legal_only,reference,device_verified_jit,absent,device_verified_jit,absent,absent,absent,
target_verify,tessera.target_verify,acceptance_verification,no,bf16,bf16,fp32,public,registered,complete,planned,unsupported,legal_only,unsupported,absent,absent,absent,absent,absent,absent,tile/physical/direct_test
target_verify,tessera.target_verify,acceptance_verification,no,fp32,fp32,fp32,public,registered,complete,reference,reference,legal_only,reference,absent,absent,absent,absent,absent,absent,physical/direct_test
attn_compressed_blocks,tessera.attn_compressed_blocks,attention,no,bf16,bf16,fp32,public,registered,complete,planned,unsupported,unsupported,unsupported,unsupported,unsupported,unsupported,absent,absent,absent,tile/physical/direct_test
attn_compressed_blocks,tessera.attn_compressed_blocks,attention,no,fp32,fp32,fp32,public,registered,complete,fused,reference,device_verified_jit,reference,fused,artifact_only,device_verified_jit,absent,absent,absent,
attn_local_window_2d,tessera.attn_local_window_2d,attention,no,bf16,bf16,fp32,public,registered,complete,planned,unsupported,unsupported,unsupported,unsupported,absent,unsupported,absent,absent,absent,tile/physical/direct_test
attn_local_window_2d,tessera.attn_local_window_2d,attention,no,fp32,fp32,fp32,public,registered,complete,fused,reference,device_verified_jit,reference,fused,absent,device_verified_jit,absent,absent,absent,
attn_sliding_window,tessera.attn_sliding_window,attention,no,bf16,bf16,fp32,public,registered,complete,fused,unsupported,unsupported,unsupported,absent,unsupported,device_verified_jit,absent,absent,absent,
attn_sliding_window,tessera.attn_sliding_window,attention,no,fp16,fp16,fp32,public,registered,complete,fused,unsupported,unsupported,unsupported,absent,unsupported,device_verified_jit,absent,absent,absent,
attn_sliding_window,tessera.attn_sliding_window,attention,no,fp32,fp32,fp32,public,registered,complete,fused,reference,device_verified_jit,reference,absent,artifact_only,unsupported,absent,absent,absent,
attn_top_k_blocks,tessera.attn_top_k_blocks,attention,no,bf16,bf16,fp32,public,registered,complete,planned,unsupported,unsupported,unsupported,unsupported,unsupported,unsupported,absent,absent,absent,tile/physical/direct_test
attn_top_k_blocks,tessera.attn_top_k_blocks,attention,no,fp32,fp32,fp32,public,registered,complete,fused,reference,device_verified_jit,reference,fused,artifact_only,device_verified_jit,absent,absent,absent,
deepseek_sparse_attention,tessera.deepseek_sparse_attention,attention,no,bf16,bf16,fp32,public,registered,complete,planned,unsupported,unsupported,unsupported,absent,unsupported,unsupported,absent,absent,absent,tile/physical/direct_test
deepseek_sparse_attention,tessera.deepseek_sparse_attention,attention,no,fp32,fp32,fp32,public,registered,complete,fused,reference,device_verified_jit,reference,absent,artifact_only,device_verified_jit,absent,absent,absent,
depth_attn,tessera.depth_attn,attention,no,bf16,bf16,fp32,public,registered,complete,planned,unsupported,unsupported,unsupported,absent,unsupported,unsupported,absent,absent,absent,tile/physical/direct_test
depth_attn,tessera.depth_attn,attention,no,fp32,fp32,fp32,public,registered,complete,reference,reference,reference,reference,absent,planned,planned,absent,absent,absent,physical/direct_test
flash_attn,tessera.flash_attn,attention,yes,bf16,bf16,fp32,public,registered,complete,fused,unsupported,unsupported,unsupported,device_verified_abi,device_verified_jit,device_verified_abi,absent,absent,absent,
flash_attn,tessera.flash_attn,attention,yes,fp16,fp16,fp32,public,registered,complete,fused,unsupported,unsupported,unsupported,device_verified_abi,device_verified_jit,device_verified_abi,absent,absent,absent,
flash_attn,tessera.flash_attn,attention,yes,fp32,fp32,fp32,public,registered,complete,fused,reference,device_verified_jit,reference,device_verified_abi,device_verified_jit,unsupported,absent,absent,absent,
gated_attention,tessera.gated_attention,attention,no,bf16,bf16,fp32,public,registered,complete,fused,unsupported,legal_only,unsupported,absent,unsupported,device_verified_jit,absent,absent,absent,
gated_attention,tessera.gated_attention,attention,no,fp16,fp16,fp32,public,registered,complete,fused,unsupported,unsupported,unsupported,absent,unsupported,device_verified_jit,absent,absent,absent,
gated_attention,tessera.gated_attention,attention,no,fp32,fp32,fp32,public,registered,complete,fused,reference,legal_only,reference,absent,artifact_only,unsupported,absent,absent,absent,direct_test
gated_deltanet,tessera.gated_deltanet,attention,no,bf16,bf16,fp32,public,registered,complete,fused,unsupported,unsupported,unsupported,absent,unsupported,device_verified_jit,absent,absent,absent,
gated_deltanet,tessera.gated_deltanet,attention,no,fp16,fp16,fp32,public,registered,complete,fused,unsupported,unsupported,unsupported,absent,unsupported,device_verified_jit,absent,absent,absent,
gated_deltanet,tessera.gated_deltanet,attention,no,fp32,fp32,fp32,public,registered,complete,fused,reference,device_verified_jit,reference,absent,device_verified_jit,device_verified_jit,absent,absent,absent,
gqa_attention,tessera.gqa_attention,attention,no,bf16,bf16,fp32,public,registered,complete,fused,unsupported,unsupported,unsupported,absent,unsupported,device_verified_jit,absent,absent,absent,
gqa_attention,tessera.gqa_attention,attention,no,fp16,fp16,fp32,public,registered,complete,fused,unsupported,unsupported,unsupported,absent,unsupported,device_verified_jit,absent,absent,absent,
gqa_attention,tessera.gqa_attention,attention,no,fp32,fp32,fp32,public,registered,complete,fused,reference,device_verified_jit,reference,absent,artifact_only,unsupported,absent,absent,absent,
hybrid_attention,tessera.hybrid_attention,attention,no,bf16,bf16,fp32,public,registered,complete,fused,unsupported,legal_only,unsupported,absent,unsupported,device_verified_jit,absent,absent,absent,
hybrid_attention,tessera.hybrid_attention,attention,no,fp16,fp16,fp32,public,registered,complete,fused,unsupported,unsupported,unsupported,absent,unsupported,device_verified_jit,absent,absent,absent,
hybrid_attention,tessera.hybrid_attention,attention,no,fp32,fp32,fp32,public,registered,complete,fused,reference,legal_only,reference,absent,artifact_only,device_verified_jit,absent,absent,absent,
kimi_delta_attention,tessera.kimi_delta_attention,attention,no,bf16,bf16,fp32,public,registered,complete,fused,unsupported,unsupported,unsupported,absent,unsupported,device_verified_jit,absent,absent,absent,
kimi_delta_attention,tessera.kimi_delta_attention,attention,no,fp16,fp16,fp32,public,registered,complete,fused,unsupported,unsupported,unsupported,absent,unsupported,device_verified_jit,absent,absent,absent,
kimi_delta_attention,tessera.kimi_delta_attention,attention,no,fp32,fp32,fp32,public,registered,complete,fused,reference,device_verified_jit,reference,absent,artifact_only,device_verified_jit,absent,absent,absent,
lightning_attention,tessera.lightning_attention,attention,no,bf16,bf16,fp32,public,registered,complete,fused,unsupported,legal_only,unsupported,absent,unsupported,device_verified_jit,absent,absent,absent,
lightning_attention,tessera.lightning_attention,attention,no,fp16,fp16,fp32,public,registered,complete,fused,unsupported,unsupported,unsupported,absent,unsupported,device_verified_jit,absent,absent,absent,
lightning_attention,tessera.lightning_attention,attention,no,fp32,fp32,fp32,public,registered,complete,fused,reference,legal_only,reference,absent,artifact_only,unsupported,absent,absent,absent,direct_test
linear_attn,tessera.linear_attn,attention,no,bf16,bf16,fp32,public,registered,complete,fused,unsupported,unsupported,unsupported,absent,unsupported,device_verified_jit,absent,absent,absent,
linear_attn,tessera.linear_attn,attention,no,fp16,fp16,fp32,public,registered,complete,fused,unsupported,unsupported,unsupported,absent,unsupported,device_verified_jit,absent,absent,absent,
linear_attn,tessera.linear_attn,attention,no,fp32,fp32,fp32,public,registered,complete,fused,reference,device_verified_jit,reference,absent,artifact_only,unsupported,absent,absent,absent,
linear_attn_state,tessera.linear_attn_state,attention,no,bf16,bf16,fp32,public,registered,complete,planned,unsupported,unsupported,unsupported,unsupported,absent,unsupported,absent,absent,absent,tile/physical/direct_test
linear_attn_state,tessera.linear_attn_state,attention,no,fp32,fp32,fp32,public,registered,complete,fused,reference,device_verified_jit,reference,fused,absent,device_verified_jit,absent,absent,absent,
lookahead_sparse_attention,tessera.lookahead_sparse_attention,attention,no,bf16,bf16,fp32,public,registered,complete,planned,unsupported,unsupported,unsupported,unsupported,absent,unsupported,absent,absent,absent,tile/physical/direct_test
lookahead_sparse_attention,tessera.lookahead_sparse_attention,attention,no,fp32,fp32,fp32,public,registered,complete,fused,reference,device_verified_jit,reference,fused,absent,device_verified_jit,absent,absent,absent,
memory_index_score,tessera.memory_index_score,attention,no,bf16,bf16,fp32,public,registered,complete,planned,unsupported,unsupported,unsupported,unsupported,unsupported,unsupported,absent,absent,absent,tile/physical/direct_test
memory_index_score,tessera.memory_index_score,attention,no,fp32,fp32,fp32,public,registered,complete,fused,reference,device_verified_jit,reference,fused,artifact_only,device_verified_jit,absent,absent,absent,
mla_decode,tessera.mla_decode,attention,no,bf16,bf16,fp32,public,registered,complete,fused,unsupported,unsupported,unsupported,absent,unsupported,device_verified_jit,absent,absent,absent,
mla_decode,tessera.mla_decode,attention,no,fp16,fp16,fp32,public,registered,complete,fused,unsupported,unsupported,unsupported,absent,unsupported,device_verified_jit,absent,absent,absent,
mla_decode,tessera.mla_decode,attention,no,fp32,fp32,fp32,public,registered,complete,fused,reference,device_verified_jit,reference,absent,device_verified_jit,unsupported,absent,absent,absent,
mla_decode_fused,tessera.mla_decode_fused,attention,no,bf16,bf16,fp32,public,registered,complete,fused,unsupported,unsupported,unsupported,absent,unsupported,device_verified_jit,absent,absent,absent,
mla_decode_fused,tessera.mla_decode_fused,attention,no,fp16,fp16,fp32,public,registered,complete,fused,unsupported,unsupported,unsupported,absent,unsupported,device_verified_jit,absent,absent,absent,
mla_decode_fused,tessera.mla_decode_fused,attention,no,fp32,fp32,fp32,public,registered,complete,fused,reference,device_verified_jit,reference,absent,device_verified_jit,unsupported,absent,absent,absent,
modified_delta_attention,tessera.modified_delta_attention,attention,no,bf16,bf16,fp32,public,registered,complete,fused,unsupported,unsupported,unsupported,absent,unsupported,device_verified_jit,absent,absent,absent,
modified_delta_attention,tessera.modified_delta_attention,attention,no,fp16,fp16,fp32,public,registered,complete,fused,unsupported,unsupported,unsupported,absent,unsupported,device_verified_jit,absent,absent,absent,
modified_delta_attention,tessera.modified_delta_attention,attention,no,fp32,fp32,fp32,public,registered,complete,fused,reference,device_verified_jit,reference,absent,artifact_only,device_verified_jit,absent,absent,absent,
mqa_attention,tessera.mqa_attention,attention,no,bf16,bf16,fp32,public,registered,complete,fused,unsupported,unsupported,unsupported,absent,unsupported,device_verified_jit,absent,absent,absent,
mqa_attention,tessera.mqa_attention,attention,no,fp16,fp16,fp32,public,registered,complete,fused,unsupported,unsupported,unsupported,absent,unsupported,device_verified_jit,absent,absent,absent,
mqa_attention,tessera.mqa_attention,attention,no,fp32,fp32,fp32,public,registered,complete,fused,reference,device_verified_jit,reference,absent,artifact_only,unsupported,absent,absent,absent,
msa_index_scores,tessera.msa_index_scores,attention,no,bf16,bf16,fp32,public,registered,complete,planned,unsupported,unsupported,unsupported,unsupported,unsupported,unsupported,absent,absent,absent,tile/physical/direct_test
msa_index_scores,tessera.msa_index_scores,attention,no,fp32,fp32,fp32,public,registered,complete,fused,reference,device_verified_jit,reference,fused,artifact_only,device_verified_jit,absent,absent,absent,
msa_sparse_attention,tessera.msa_sparse_attention,attention,no,bf16,bf16,fp32,public,registered,complete,planned,unsupported,unsupported,unsupported,unsupported,absent,unsupported,absent,absent,absent,tile/physical/direct_test
msa_sparse_attention,tessera.msa_sparse_attention,attention,no,fp16,fp16,fp32,public,registered,complete,fused,unsupported,unsupported,unsupported,fused,absent,unsupported,absent,absent,absent,
msa_sparse_attention,tessera.msa_sparse_attention,attention,no,fp32,fp32,fp32,public,registered,complete,fused,reference,device_verified_jit,reference,fused,absent,device_verified_jit,absent,absent,absent,
multi_head_attention,tessera.multi_head_attention,attention,no,bf16,bf16,fp32,public,registered,complete,fused,unsupported,unsupported,unsupported,absent,unsupported,device_verified_jit,absent,absent,absent,
multi_head_attention,tessera.multi_head_attention,attention,no,fp16,fp16,fp32,public,registered,complete,fused,unsupported,unsupported,unsupported,absent,unsupported,device_verified_jit,absent,absent,absent,
multi_head_attention,tessera.multi_head_attention,attention,no,fp32,fp32,fp32,public,registered,complete,fused,reference,device_verified_jit,reference,absent,artifact_only,unsupported,absent,absent,absent,
power_attn,tessera.power_attn,attention,no,bf16,bf16,fp32,public,registered,complete,planned,unsupported,unsupported,unsupported,absent,absent,unsupported,absent,absent,absent,tile/physical/direct_test
power_attn,tessera.power_attn,attention,no,fp32,fp32,fp32,public,registered,complete,fused,reference,device_verified_jit,reference,absent,absent,device_verified_jit,absent,absent,absent,
retention,tessera.retention,attention,no,bf16,bf16,fp32,public,registered,complete,fused,unsupported,unsupported,unsupported,absent,absent,device_verified_jit,absent,absent,absent,
retention,tessera.retention,attention,no,fp16,fp16,fp32,public,registered,complete,fused,unsupported,unsupported,unsupported,absent,absent,device_verified_jit,absent,absent,absent,
retention,tessera.retention,attention,no,fp32,fp32,fp32,public,registered,complete,fused,reference,device_verified_jit,reference,absent,absent,unsupported,absent,absent,absent,
varlen_sdpa,tessera.varlen_sdpa,attention,no,bf16,bf16,fp32,public,registered,complete,planned,unsupported,unsupported,unsupported,unsupported,unsupported,unsupported,absent,absent,absent,tile/physical/direct_test
varlen_sdpa,tessera.varlen_sdpa,attention,no,fp32,fp32,fp32,public,registered,complete,fused,reference,device_verified_jit,reference,fused,artifact_only,device_verified_jit,absent,absent,absent,
all_gather,tessera.all_gather,collective,yes,bf16,bf16,fp64,public,registered,complete,planned,unsupported,legal_only,unsupported,absent,absent,absent,absent,absent,absent,tile/physical/direct_test
all_gather,tessera.all_gather,collective,yes,fp32,fp32,fp64,public,registered,complete,reference,reference,legal_only,reference,absent,absent,absent,absent,absent,absent,physical/direct_test
all_reduce,tessera.all_reduce,collective,yes,bf16,bf16,fp64,public,registered,complete,planned,unsupported,legal_only,unsupported,absent,absent,absent,absent,absent,absent,tile/physical/direct_test
all_reduce,tessera.all_reduce,collective,yes,fp32,fp32,fp64,public,registered,complete,reference,reference,legal_only,reference,absent,absent,absent,absent,absent,absent,physical/direct_test
all_to_all,tessera.all_to_all,collective,yes,bf16,bf16,fp64,public,registered,complete,planned,unsupported,legal_only,unsupported,absent,absent,absent,absent,absent,absent,tile/physical/direct_test
all_to_all,tessera.all_to_all,collective,yes,fp32,fp32,fp64,public,registered,complete,reference,reference,legal_only,reference,absent,absent,absent,absent,absent,absent,physical/direct_test
reduce_scatter,tessera.reduce_scatter,collective,yes,bf16,bf16,fp64,public,registered,complete,planned,unsupported,legal_only,unsupported,absent,absent,absent,absent,absent,absent,tile/physical/direct_test
reduce_scatter,tessera.reduce_scatter,collective,yes,fp32,fp32,fp64,public,registered,complete,reference,reference,legal_only,reference,absent,absent,absent,absent,absent,absent,physical/direct_test
eq,tessera.eq,comparison,no,bf16,bf16,int32,public,registered,complete,fused,unsupported,unsupported,unsupported,absent,absent,device_verified_jit,absent,absent,absent,
eq,tessera.eq,comparison,no,fp16,fp16,int32,public,registered,complete,fused,unsupported,unsupported,unsupported,absent,absent,device_verified_jit,absent,absent,absent,
eq,tessera.eq,comparison,no,fp32,fp32,int32,public,registered,complete,fused,reference,device_verified_jit,reference,absent,absent,device_verified_jit,absent,absent,absent,
eq,tessera.eq,comparison,no,int32,int32,int32,public,registered,complete,planned,unsupported,unsupported,unsupported,absent,absent,unsupported,absent,absent,absent,tile/physical/direct_test
ge,tessera.ge,comparison,no,bf16,bf16,int32,public,registered,complete,fused,unsupported,unsupported,unsupported,absent,absent,device_verified_jit,absent,absent,absent,
ge,tessera.ge,comparison,no,fp16,fp16,int32,public,registered,complete,fused,unsupported,unsupported,unsupported,absent,absent,device_verified_jit,absent,absent,absent,
ge,tessera.ge,comparison,no,fp32,fp32,int32,public,registered,complete,fused,reference,device_verified_jit,reference,absent,absent,device_verified_jit,absent,absent,absent,
ge,tessera.ge,comparison,no,int32,int32,int32,public,registered,complete,planned,unsupported,unsupported,unsupported,absent,absent,unsupported,absent,absent,absent,tile/physical/direct_test
gt,tessera.gt,comparison,no,bf16,bf16,int32,public,registered,complete,fused,unsupported,unsupported,unsupported,absent,absent,device_verified_jit,absent,absent,absent,
gt,tessera.gt,comparison,no,fp16,fp16,int32,public,registered,complete,fused,unsupported,unsupported,unsupported,absent,absent,device_verified_jit,absent,absent,absent,
gt,tessera.gt,comparison,no,fp32,fp32,int32,public,registered,complete,fused,reference,device_verified_jit,reference,absent,absent,device_verified_jit,absent,absent,absent,
gt,tessera.gt,comparison,no,int32,int32,int32,public,registered,complete,planned,unsupported,unsupported,unsupported,absent,absent,unsupported,absent,absent,absent,tile/physical/direct_test
le,tessera.le,comparison,no,bf16,bf16,int32,public,registered,complete,fused,unsupported,unsupported,unsupported,absent,absent,device_verified_jit,absent,absent,absent,
le,tessera.le,comparison,no,fp16,fp16,int32,public,registered,complete,fused,unsupported,unsupported,unsupported,absent,absent,device_verified_jit,absent,absent,absent,
le,tessera.le,comparison,no,fp32,fp32,int32,public,registered,complete,fused,reference,device_verified_jit,reference,absent,absent,device_verified_jit,absent,absent,absent,
le,tessera.le,comparison,no,int32,int32,int32,public,registered,complete,planned,unsupported,unsupported,unsupported,absent,absent,unsupported,absent,absent,absent,tile/physical/direct_test
lt,tessera.lt,comparison,no,bf16,bf16,int32,public,registered,complete,fused,unsupported,unsupported,unsupported,absent,absent,device_verified_jit,absent,absent,absent,
lt,tessera.lt,comparison,no,fp16,fp16,int32,public,registered,complete,fused,unsupported,unsupported,unsupported,absent,absent,device_verified_jit,absent,absent,absent,
lt,tessera.lt,comparison,no,fp32,fp32,int32,public,registered,complete,fused,reference,device_verified_jit,reference,absent,absent,device_verified_jit,absent,absent,absent,
lt,tessera.lt,comparison,no,int32,int32,int32,public,registered,complete,planned,unsupported,unsupported,unsupported,absent,absent,unsupported,absent,absent,absent,tile/physical/direct_test
ne,tessera.ne,comparison,no,bf16,bf16,int32,public,registered,complete,fused,unsupported,unsupported,unsupported,absent,absent,device_verified_jit,absent,absent,absent,
ne,tessera.ne,comparison,no,fp16,fp16,int32,public,registered,complete,fused,unsupported,unsupported,unsupported,absent,absent,device_verified_jit,absent,absent,absent,
ne,tessera.ne,comparison,no,fp32,fp32,int32,public,registered,complete,fused,reference,device_verified_jit,reference,absent,absent,device_verified_jit,absent,absent,absent,
ne,tessera.ne,comparison,no,int32,int32,int32,public,registered,complete,planned,unsupported,unsupported,unsupported,absent,absent,unsupported,absent,absent,absent,tile/physical/direct_test
einsum,tessera.einsum,contraction,yes,bf16,bf16,fp32,public,registered,complete,fused,unsupported,unsupported,unsupported,unsupported,unsupported,device_verified_jit,absent,absent,absent,
einsum,tessera.einsum,contraction,yes,fp16,fp16,fp32,public,registered,complete,fused,unsupported,unsupported,unsupported,unsupported,unsupported,device_verified_jit,absent,absent,absent,
einsum,tessera.einsum,contraction,yes,fp32,fp32,fp32,public,registered,complete,fused,reference,device_verified_jit,reference,device_verified_jit,artifact_only,unsupported,absent,absent,absent,
game_boltzmann_value,tessera.game_boltzmann_value,contraction,no,bf16,bf16,fp32,public,registered,complete,planned,unsupported,legal_only,unsupported,absent,absent,absent,absent,absent,absent,tile/physical/direct_test
game_boltzmann_value,tessera.game_boltzmann_value,contraction,no,fp32,fp32,fp32,public,registered,complete,reference,reference,legal_only,reference,absent,absent,absent,absent,absent,absent,physical/direct_test
game_coalition_excess,tessera.game_coalition_excess,contraction,no,bf16,bf16,fp32,public,registered,complete,planned,unsupported,legal_only,unsupported,absent,absent,absent,absent,absent,absent,tile/physical/direct_test
game_coalition_excess,tessera.game_coalition_excess,contraction,no,fp32,fp32,fp32,public,registered,complete,reference,reference,legal_only,reference,absent,absent,absent,absent,absent,absent,physical/direct_test
game_semivalue,tessera.game_semivalue,contraction,no,bf16,bf16,fp32,public,registered,complete,planned,unsupported,legal_only,unsupported,absent,absent,absent,absent,absent,absent,tile/physical/direct_test
game_semivalue,tessera.game_semivalue,contraction,no,fp32,fp32,fp32,public,registered,complete,reference,reference,legal_only,reference,absent,absent,absent,absent,absent,absent,physical/direct_test
acos,tessera.acos,elementwise,no,bf16,bf16,fp32,public,registered,complete,fused,unsupported,unsupported,unsupported,absent,absent,device_verified_jit,absent,absent,absent,
acos,tessera.acos,elementwise,no,fp16,fp16,fp32,public,registered,complete,fused,unsupported,unsupported,unsupported,absent,absent,device_verified_jit,absent,absent,absent,
acos,tessera.acos,elementwise,no,fp32,fp32,fp32,public,registered,complete,fused,reference,device_verified_jit,reference,absent,absent,device_verified_jit,absent,absent,absent,
add,tessera.add,elementwise,no,bf16,bf16,fp32,public,registered,complete,fused,unsupported,unsupported,unsupported,unsupported,absent,device_verified_jit,absent,absent,absent,
add,tessera.add,elementwise,no,fp16,fp16,fp32,public,registered,complete,fused,unsupported,unsupported,unsupported,unsupported,absent,device_verified_jit,absent,absent,absent,
add,tessera.add,elementwise,no,fp32,fp32,fp32,public,registered,complete,fused,reference,device_verified_jit,reference,artifact_only,absent,device_verified_jit,absent,absent,absent,
asin,tessera.asin,elementwise,no,bf16,bf16,fp32,public,registered,complete,fused,unsupported,unsupported,unsupported,absent,absent,device_verified_jit,absent,absent,absent,
asin,tessera.asin,elementwise,no,fp16,fp16,fp32,public,registered,complete,fused,unsupported,unsupported,unsupported,absent,absent,device_verified_jit,absent,absent,absent,
asin,tessera.asin,elementwise,no,fp32,fp32,fp32,public,registered,complete,fused,reference,device_verified_jit,reference,absent,absent,device_verified_jit,absent,absent,absent,
atan,tessera.atan,elementwise,no,bf16,bf16,fp32,public,registered,complete,fused,unsupported,unsupported,unsupported,absent,absent,device_verified_jit,absent,absent,absent,
atan,tessera.atan,elementwise,no,fp16,fp16,fp32,public,registered,complete,fused,unsupported,unsupported,unsupported,absent,absent,device_verified_jit,absent,absent,absent,
atan,tessera.atan,elementwise,no,fp32,fp32,fp32,public,registered,complete,fused,reference,device_verified_jit,reference,absent,absent,device_verified_jit,absent,absent,absent,
atan2,tessera.atan2,elementwise,no,bf16,bf16,fp32,public,registered,complete,planned,unsupported,unsupported,unsupported,absent,absent,unsupported,absent,absent,absent,tile/physical/direct_test
atan2,tessera.atan2,elementwise,no,fp32,fp32,fp32,public,registered,complete,fused,reference,device_verified_jit,reference,absent,absent,device_verified_jit,absent,absent,absent,
clip,tessera.clip,elementwise,no,bf16,bf16,fp32,public,registered,complete,planned,unsupported,unsupported,unsupported,absent,absent,unsupported,absent,absent,absent,tile/physical/direct_test
clip,tessera.clip,elementwise,no,fp32,fp32,fp32,public,registered,complete,fused,reference,device_verified_jit,reference,absent,absent,device_verified_jit,absent,absent,absent,
cos,tessera.cos,elementwise,no,bf16,bf16,fp32,public,registered,complete,fused,unsupported,unsupported,unsupported,absent,absent,device_verified_jit,absent,absent,absent,
cos,tessera.cos,elementwise,no,fp16,fp16,fp32,public,registered,complete,fused,unsupported,unsupported,unsupported,absent,absent,device_verified_jit,absent,absent,absent,
cos,tessera.cos,elementwise,no,fp32,fp32,fp32,public,registered,complete,fused,reference,device_verified_jit,reference,absent,absent,device_verified_jit,absent,absent,absent,
cosh,tessera.cosh,elementwise,no,bf16,bf16,fp32,public,registered,complete,fused,unsupported,unsupported,unsupported,absent,absent,device_verified_jit,absent,absent,absent,
cosh,tessera.cosh,elementwise,no,fp16,fp16,fp32,public,registered,complete,fused,unsupported,unsupported,unsupported,absent,absent,device_verified_jit,absent,absent,absent,
cosh,tessera.cosh,elementwise,no,fp32,fp32,fp32,public,registered,complete,fused,reference,device_verified_jit,reference,absent,absent,device_verified_jit,absent,absent,absent,
digamma,tessera.digamma,elementwise,no,bf16,bf16,fp32,public,registered,complete,fused,unsupported,unsupported,unsupported,unsupported,absent,device_verified_jit,absent,absent,absent,
digamma,tessera.digamma,elementwise,no,fp16,fp16,fp32,public,registered,complete,fused,unsupported,unsupported,unsupported,unsupported,absent,device_verified_jit,absent,absent,absent,
digamma,tessera.digamma,elementwise,no,fp32,fp32,fp32,public,registered,complete,fused,reference,device_verified_jit,reference,device_verified_jit,absent,device_verified_jit,absent,absent,absent,
div,tessera.div,elementwise,no,bf16,bf16,fp32,public,registered,complete,fused,unsupported,unsupported,unsupported,absent,absent,device_verified_jit,absent,absent,absent,
div,tessera.div,elementwise,no,fp16,fp16,fp32,public,registered,complete,fused,unsupported,unsupported,unsupported,absent,absent,device_verified_jit,absent,absent,absent,
div,tessera.div,elementwise,no,fp32,fp32,fp32,public,registered,complete,fused,reference,device_verified_jit,reference,absent,absent,device_verified_jit,absent,absent,absent,
erf,tessera.erf,elementwise,no,bf16,bf16,fp32,public,registered,complete,fused,unsupported,unsupported,unsupported,absent,absent,device_verified_jit,absent,absent,absent,
erf,tessera.erf,elementwise,no,fp16,fp16,fp32,public,registered,complete,fused,unsupported,unsupported,unsupported,absent,absent,device_verified_jit,absent,absent,absent,
erf,tessera.erf,elementwise,no,fp32,fp32,fp32,public,registered,complete,fused,reference,device_verified_jit,reference,absent,absent,device_verified_jit,absent,absent,absent,
erfc,tessera.erfc,elementwise,no,bf16,bf16,fp32,public,registered,complete,fused,unsupported,unsupported,unsupported,absent,absent,device_verified_jit,absent,absent,absent,
erfc,tessera.erfc,elementwise,no,fp16,fp16,fp32,public,registered,complete,fused,unsupported,unsupported,unsupported,absent,absent,device_verified_jit,absent,absent,absent,
erfc,tessera.erfc,elementwise,no,fp32,fp32,fp32,public,registered,complete,fused,reference,device_verified_jit,reference,absent,absent,device_verified_jit,absent,absent,absent,
exp,tessera.exp,elementwise,no,bf16,bf16,fp32,public,registered,complete,fused,unsupported,unsupported,unsupported,absent,absent,device_verified_jit,absent,absent,absent,
exp,tessera.exp,elementwise,no,fp16,fp16,fp32,public,registered,complete,fused,unsupported,unsupported,unsupported,absent,absent,device_verified_jit,absent,absent,absent,
exp,tessera.exp,elementwise,no,fp32,fp32,fp32,public,registered,complete,fused,reference,device_verified_jit,reference,absent,absent,device_verified_jit,absent,absent,absent,
expm1,tessera.expm1,elementwise,no,bf16,bf16,fp32,public,registered,complete,fused,unsupported,unsupported,unsupported,absent,absent,device_verified_jit,absent,absent,absent,
expm1,tessera.expm1,elementwise,no,fp16,fp16,fp32,public,registered,complete,fused,unsupported,unsupported,unsupported,absent,absent,device_verified_jit,absent,absent,absent,
expm1,tessera.expm1,elementwise,no,fp32,fp32,fp32,public,registered,complete,fused,reference,device_verified_jit,reference,absent,absent,device_verified_jit,absent,absent,absent,
floor_div,tessera.floor_div,elementwise,no,bf16,bf16,fp32,public,registered,complete,fused,unsupported,unsupported,unsupported,absent,absent,device_verified_jit,absent,absent,absent,
floor_div,tessera.floor_div,elementwise,no,fp16,fp16,fp32,public,registered,complete,fused,unsupported,unsupported,unsupported,absent,absent,device_verified_jit,absent,absent,absent,
floor_div,tessera.floor_div,elementwise,no,fp32,fp32,fp32,public,registered,complete,fused,reference,device_verified_jit,reference,absent,absent,device_verified_jit,absent,absent,absent,
gelu,tessera.gelu,elementwise,yes,bf16,bf16,fp32,public,registered,complete,fused,unsupported,unsupported,unsupported,device_verified_abi,unsupported,device_verified_jit,absent,absent,absent,
gelu,tessera.gelu,elementwise,yes,fp16,fp16,fp32,public,registered,complete,fused,unsupported,unsupported,unsupported,device_verified_abi,unsupported,device_verified_jit,absent,absent,absent,
gelu,tessera.gelu,elementwise,yes,fp32,fp32,fp32,public,registered,complete,fused,reference,device_verified_jit,reference,device_verified_abi,artifact_only,device_verified_jit,absent,absent,absent,
lgamma,tessera.lgamma,elementwise,no,bf16,bf16,fp32,public,registered,complete,fused,unsupported,unsupported,unsupported,unsupported,absent,device_verified_jit,absent,absent,absent,
lgamma,tessera.lgamma,elementwise,no,fp16,fp16,fp32,public,registered,complete,fused,unsupported,unsupported,unsupported,unsupported,absent,device_verified_jit,absent,absent,absent,
lgamma,tessera.lgamma,elementwise,no,fp32,fp32,fp32,public,registered,complete,fused,reference,device_verified_jit,reference,device_verified_jit,absent,device_verified_jit,absent,absent,absent,
log,tessera.log,elementwise,no,bf16,bf16,fp32,public,registered,complete,fused,unsupported,unsupported,unsupported,absent,absent,device_verified_jit,absent,absent,absent,
log,tessera.log,elementwise,no,fp16,fp16,fp32,public,registered,complete,fused,unsupported,unsupported,unsupported,absent,absent,device_verified_jit,absent,absent,absent,
log,tessera.log,elementwise,no,fp32,fp32,fp32,public,registered,complete,fused,reference,device_verified_jit,reference,absent,absent,device_verified_jit,absent,absent,absent,
log1p,tessera.log1p,elementwise,no,bf16,bf16,fp32,public,registered,complete,fused,unsupported,unsupported,unsupported,absent,absent,device_verified_jit,absent,absent,absent,
log1p,tessera.log1p,elementwise,no,fp16,fp16,fp32,public,registered,complete,fused,unsupported,unsupported,unsupported,absent,absent,device_verified_jit,absent,absent,absent,
log1p,tessera.log1p,elementwise,no,fp32,fp32,fp32,public,registered,complete,fused,reference,device_verified_jit,reference,absent,absent,device_verified_jit,absent,absent,absent,
mod,tessera.mod,elementwise,no,bf16,bf16,fp32,public,registered,complete,fused,unsupported,unsupported,unsupported,absent,absent,device_verified_jit,absent,absent,absent,
mod,tessera.mod,elementwise,no,fp16,fp16,fp32,public,registered,complete,fused,unsupported,unsupported,unsupported,absent,absent,device_verified_jit,absent,absent,absent,
mod,tessera.mod,elementwise,no,fp32,fp32,fp32,public,registered,complete,fused,reference,device_verified_jit,reference,absent,absent,device_verified_jit,absent,absent,absent,
mul,tessera.mul,elementwise,no,bf16,bf16,fp32,public,registered,complete,fused,unsupported,unsupported,unsupported,unsupported,absent,device_verified_jit,absent,absent,absent,
mul,tessera.mul,elementwise,no,fp16,fp16,fp32,public,registered,complete,fused,unsupported,unsupported,unsupported,unsupported,absent,device_verified_jit,absent,absent,absent,
mul,tessera.mul,elementwise,no,fp32,fp32,fp32,public,registered,complete,fused,reference,device_verified_jit,reference,artifact_only,absent,device_verified_jit,absent,absent,absent,
popcount,tessera.popcount,elementwise,no,bf16,bf16,fp32,public,registered,complete,planned,unsupported,unsupported,unsupported,unsupported,absent,unsupported,absent,absent,absent,tile/physical/direct_test
popcount,tessera.popcount,elementwise,no,fp32,fp32,fp32,public,registered,complete,reference,reference,unsupported,reference,unsupported,absent,unsupported,absent,absent,absent,physical/direct_test
popcount,tessera.popcount,elementwise,no,int32,int32,fp32,public,registered,complete,fused,unsupported,device_verified_jit,unsupported,reference,absent,device_verified_jit,absent,absent,absent,
pow,tessera.pow,elementwise,no,bf16,bf16,fp32,public,registered,complete,fused,unsupported,unsupported,unsupported,absent,absent,device_verified_jit,absent,absent,absent,
pow,tessera.pow,elementwise,no,fp16,fp16,fp32,public,registered,complete,fused,unsupported,unsupported,unsupported,absent,absent,device_verified_jit,absent,absent,absent,
pow,tessera.pow,elementwise,no,fp32,fp32,fp32,public,registered,complete,fused,reference,device_verified_jit,reference,absent,absent,device_verified_jit,absent,absent,absent,
relu,tessera.relu,elementwise,yes,bf16,bf16,fp32,public,registered,complete,fused,unsupported,unsupported,unsupported,fused,device_verified_jit,device_verified_jit,absent,absent,absent,
relu,tessera.relu,elementwise,yes,fp16,fp16,fp32,public,registered,complete,fused,unsupported,unsupported,unsupported,fused,device_verified_jit,device_verified_jit,absent,absent,absent,
relu,tessera.relu,elementwise,yes,fp32,fp32,fp32,public,registered,complete,fused,reference,device_verified_jit,reference,fused,device_verified_jit,device_verified_jit,absent,absent,absent,
relu,tessera.relu,elementwise,yes,fp8_e4m3,fp8_e4m3,fp32,public,registered,complete,fused,unsupported,unsupported,unsupported,unsupported,device_verified_jit,unsupported,absent,absent,absent,
relu,tessera.relu,elementwise,yes,fp8_e5m2,fp8_e5m2,fp32,public,registered,complete,fused,unsupported,unsupported,unsupported,unsupported,device_verified_jit,unsupported,absent,absent,absent,
rsqrt,tessera.rsqrt,elementwise,no,bf16,bf16,fp32,public,registered,complete,fused,unsupported,unsupported,unsupported,absent,absent,device_verified_jit,absent,absent,absent,
rsqrt,tessera.rsqrt,elementwise,no,fp16,fp16,fp32,public,registered,complete,fused,unsupported,unsupported,unsupported,absent,absent,device_verified_jit,absent,absent,absent,
rsqrt,tessera.rsqrt,elementwise,no,fp32,fp32,fp32,public,registered,complete,fused,reference,device_verified_jit,reference,absent,absent,device_verified_jit,absent,absent,absent,
score_combine,tessera.score_combine,elementwise,no,bf16,bf16,fp32,public,registered,complete,planned,unsupported,unsupported,unsupported,unsupported,unsupported,unsupported,absent,absent,absent,tile/physical/direct_test
score_combine,tessera.score_combine,elementwise,no,fp32,fp32,fp32,public,registered,complete,fused,reference,device_verified_jit,reference,fused,artifact_only,device_verified_jit,absent,absent,absent,
sigmoid,tessera.sigmoid,elementwise,no,bf16,bf16,fp32,public,registered,complete,fused,unsupported,unsupported,unsupported,absent,absent,device_verified_jit,absent,absent,absent,
sigmoid,tessera.sigmoid,elementwise,no,fp16,fp16,fp32,public,registered,complete,fused,unsupported,unsupported,unsupported,absent,absent,device_verified_jit,absent,absent,absent,
sigmoid,tessera.sigmoid,elementwise,no,fp32,fp32,fp32,public,registered,complete,fused,reference,device_verified_jit,reference,absent,absent,device_verified_jit,absent,absent,absent,
silu,tessera.silu,elementwise,yes,bf16,bf16,fp32,public,registered,complete,fused,unsupported,unsupported,unsupported,device_verified_abi,unsupported,device_verified_jit,absent,absent,absent,
silu,tessera.silu,elementwise,yes,fp16,fp16,fp32,public,registered,complete,fused,unsupported,unsupported,unsupported,device_verified_abi,unsupported,device_verified_jit,absent,absent,absent,
silu,tessera.silu,elementwise,yes,fp32,fp32,fp32,public,registered,complete,fused,reference,device_verified_jit,reference,device_verified_abi,artifact_only,device_verified_jit,absent,absent,absent,
silu_mul,tessera.silu_mul,elementwise,no,bf16,bf16,fp32,public,registered,complete,fused,unsupported,unsupported,unsupported,absent,unsupported,device_verified_jit,absent,absent,absent,
silu_mul,tessera.silu_mul,elementwise,no,fp16,fp16,fp32,public,registered,complete,fused,unsupported,unsupported,unsupported,absent,unsupported,device_verified_jit,absent,absent,absent,
silu_mul,tessera.silu_mul,elementwise,no,fp32,fp32,fp32,public,registered,complete,fused,reference,device_verified_jit,reference,absent,artifact_only,device_verified_jit,absent,absent,absent,
sin,tessera.sin,elementwise,no,bf16,bf16,fp32,public,registered,complete,fused,unsupported,unsupported,unsupported,absent,absent,device_verified_jit,absent,absent,absent,
sin,tessera.sin,elementwise,no,fp16,fp16,fp32,public,registered,complete,fused,unsupported,unsupported,unsupported,absent,absent,device_verified_jit,absent,absent,absent,
sin,tessera.sin,elementwise,no,fp32,fp32,fp32,public,registered,complete,fused,reference,device_verified_jit,reference,absent,absent,device_verified_jit,absent,absent,absent,
sinh,tessera.sinh,elementwise,no,bf16,bf16,fp32,public,registered,complete,fused,unsupported,unsupported,unsupported,absent,absent,device_verified_jit,absent,absent,absent,
sinh,tessera.sinh,elementwise,no,fp16,fp16,fp32,public,registered,complete,fused,unsupported,unsupported,unsupported,absent,absent,device_verified_jit,absent,absent,absent,
sinh,tessera.sinh,elementwise,no,fp32,fp32,fp32,public,registered,complete,fused,reference,device_verified_jit,reference,absent,absent,device_verified_jit,absent,absent,absent,
softcap,tessera.softcap,elementwise,no,bf16,bf16,fp32,public,registered,complete,planned,unsupported,unsupported,unsupported,absent,absent,unsupported,absent,absent,absent,tile/physical/direct_test
softcap,tessera.softcap,elementwise,no,fp32,fp32,fp32,public,registered,complete,fused,reference,device_verified_jit,reference,absent,absent,device_verified_jit,absent,absent,absent,
softplus,tessera.softplus,elementwise,no,bf16,bf16,fp32,public,registered,complete,fused,unsupported,unsupported,unsupported,absent,absent,device_verified_jit,absent,absent,absent,
softplus,tessera.softplus,elementwise,no,fp16,fp16,fp32,public,registered,complete,fused,unsupported,unsupported,unsupported,absent,absent,device_verified_jit,absent,absent,absent,
softplus,tessera.softplus,elementwise,no,fp32,fp32,fp32,public,registered,complete,fused,reference,device_verified_jit,reference,absent,absent,device_verified_jit,absent,absent,absent,
sqrt,tessera.sqrt,elementwise,no,bf16,bf16,fp32,public,registered,complete,fused,unsupported,unsupported,unsupported,absent,absent,device_verified_jit,absent,absent,absent,
sqrt,tessera.sqrt,elementwise,no,fp16,fp16,fp32,public,registered,complete,fused,unsupported,unsupported,unsupported,absent,absent,device_verified_jit,absent,absent,absent,
sqrt,tessera.sqrt,elementwise,no,fp32,fp32,fp32,public,registered,complete,fused,reference,device_verified_jit,reference,absent,absent,device_verified_jit,absent,absent,absent,
sub,tessera.sub,elementwise,no,bf16,bf16,fp32,public,registered,complete,fused,unsupported,unsupported,unsupported,absent,absent,device_verified_jit,absent,absent,absent,
sub,tessera.sub,elementwise,no,fp16,fp16,fp32,public,registered,complete,fused,unsupported,unsupported,unsupported,absent,absent,device_verified_jit,absent,absent,absent,
sub,tessera.sub,elementwise,no,fp32,fp32,fp32,public,registered,complete,fused,reference,device_verified_jit,reference,absent,absent,device_verified_jit,absent,absent,absent,
tan,tessera.tan,elementwise,no,bf16,bf16,fp32,public,registered,complete,fused,unsupported,unsupported,unsupported,absent,absent,device_verified_jit,absent,absent,absent,
tan,tessera.tan,elementwise,no,fp16,fp16,fp32,public,registered,complete,fused,unsupported,unsupported,unsupported,absent,absent,device_verified_jit,absent,absent,absent,
tan,tessera.tan,elementwise,no,fp32,fp32,fp32,public,registered,complete,fused,reference,device_verified_jit,reference,absent,absent,device_verified_jit,absent,absent,absent,
tanh,tessera.tanh,elementwise,no,bf16,bf16,fp32,public,registered,complete,fused,unsupported,unsupported,unsupported,absent,absent,device_verified_jit,absent,absent,absent,
tanh,tessera.tanh,elementwise,no,fp16,fp16,fp32,public,registered,complete,fused,unsupported,unsupported,unsupported,absent,absent,device_verified_jit,absent,absent,absent,
tanh,tessera.tanh,elementwise,no,fp32,fp32,fp32,public,registered,complete,fused,reference,device_verified_jit,reference,absent,absent,device_verified_jit,absent,absent,absent,
ebm_bivector_langevin,tessera.ebm_bivector_langevin,energy_based_models,no,bf16,bf16,,public,not_applicable,not_applicable,planned,absent,unsupported,unsupported,unsupported,absent,unsupported,absent,absent,absent,tile/physical/direct_test
ebm_bivector_langevin,tessera.ebm_bivector_langevin,energy_based_models,no,fp16,fp16,,public,not_applicable,not_applicable,planned,absent,unsupported,unsupported,unsupported,absent,unsupported,absent,absent,absent,tile/physical/direct_test
ebm_bivector_langevin,tessera.ebm_bivector_langevin,energy_based_models,no,fp32,fp32,,public,not_applicable,not_applicable,fused,absent,fused,reference,fused,absent,device_verified_jit,absent,absent,absent,
ebm_bivector_langevin,tessera.ebm_bivector_langevin,energy_based_models,no,fp64,fp64,,public,not_applicable,not_applicable,reference,absent,unsupported,reference,unsupported,absent,unsupported,absent,absent,absent,physical/direct_test
ebm_decode_init,tessera.ebm_decode_init,energy_based_models,no,bf16,bf16,,public,not_applicable,complete,planned,absent,unsupported,unsupported,unsupported,absent,unsupported,absent,absent,absent,tile/physical/direct_test
ebm_decode_init,tessera.ebm_decode_init,energy_based_models,no,fp16,fp16,,public,not_applicable,complete,planned,absent,unsupported,unsupported,unsupported,absent,unsupported,absent,absent,absent,tile/physical/direct_test
ebm_decode_init,tessera.ebm_decode_init,energy_based_models,no,fp32,fp32,,public,not_applicable,complete,fused,absent,fused,reference,fused,absent,device_verified_jit,absent,absent,absent,
ebm_decode_init,tessera.ebm_decode_init,energy_based_models,no,fp64,fp64,,public,not_applicable,complete,reference,absent,unsupported,reference,unsupported,absent,unsupported,absent,absent,absent,physical/direct_test
ebm_energy,tessera.ebm_energy,energy_based_models,no,bf16,bf16,,public,not_applicable,complete,planned,absent,unsupported,unsupported,unsupported,absent,unsupported,absent,absent,absent,tile/physical/direct_test
ebm_energy,tessera.ebm_energy,energy_based_models,no,fp16,fp16,,public,not_applicable,complete,planned,absent,unsupported,unsupported,unsupported,absent,unsupported,absent,absent,absent,tile/physical/direct_test
ebm_energy,tessera.ebm_energy,energy_based_models,no,fp32,fp32,,public,not_applicable,complete,fused,absent,fused,reference,fused,absent,device_verified_jit,absent,absent,absent,
ebm_energy,tessera.ebm_energy,energy_based_models,no,fp64,fp64,,public,not_applicable,complete,reference,absent,unsupported,reference,unsupported,absent,unsupported,absent,absent,absent,physical/direct_test
ebm_energy_quadratic,tessera.ebm_energy_quadratic,energy_based_models,no,bf16,bf16,,public,not_applicable,complete,planned,legal_only,unsupported,unsupported,unsupported,absent,unsupported,absent,absent,absent,tile/physical/direct_test
ebm_energy_quadratic,tessera.ebm_energy_quadratic,energy_based_models,no,fp16,fp16,,public,not_applicable,complete,planned,legal_only,unsupported,unsupported,unsupported,absent,unsupported,absent,absent,absent,tile/physical/direct_test
ebm_energy_quadratic,tessera.ebm_energy_quadratic,energy_based_models,no,fp32,fp32,,public,not_applicable,complete,fused,legal_only,fused,reference,fused,absent,device_verified_jit,absent,absent,absent,
ebm_energy_quadratic,tessera.ebm_energy_quadratic,energy_based_models,no,fp64,fp64,,public,not_applicable,complete,reference,unsupported,unsupported,reference,unsupported,absent,unsupported,absent,absent,absent,physical/direct_test
ebm_inner_step,tessera.ebm_inner_step,energy_based_models,no,bf16,bf16,,public,not_applicable,complete,planned,legal_only,unsupported,unsupported,unsupported,absent,unsupported,absent,absent,absent,tile/physical/direct_test
ebm_inner_step,tessera.ebm_inner_step,energy_based_models,no,fp16,fp16,,public,not_applicable,complete,planned,legal_only,unsupported,unsupported,unsupported,absent,unsupported,absent,absent,absent,tile/physical/direct_test
ebm_inner_step,tessera.ebm_inner_step,energy_based_models,no,fp32,fp32,,public,not_applicable,complete,fused,legal_only,fused,reference,fused,absent,device_verified_jit,absent,absent,absent,
ebm_inner_step,tessera.ebm_inner_step,energy_based_models,no,fp64,fp64,,public,not_applicable,complete,reference,unsupported,unsupported,reference,unsupported,absent,unsupported,absent,absent,absent,physical/direct_test
ebm_langevin_step,tessera.ebm.langevin_step,energy_based_models,no,bf16,bf16,fp32,public,not_applicable,complete,planned,legal_only,unsupported,unsupported,unsupported,absent,unsupported,absent,absent,absent,tile/physical/direct_test
ebm_langevin_step,tessera.ebm.langevin_step,energy_based_models,no,fp16,fp16,fp32,public,not_applicable,complete,planned,legal_only,unsupported,unsupported,unsupported,absent,unsupported,absent,absent,absent,tile/physical/direct_test
ebm_langevin_step,tessera.ebm.langevin_step,energy_based_models,no,fp32,fp32,fp32,public,not_applicable,complete,fused,legal_only,fused,reference,fused,absent,device_verified_jit,absent,absent,absent,
ebm_langevin_step,tessera.ebm.langevin_step,energy_based_models,no,fp64,fp64,fp32,public,not_applicable,complete,reference,unsupported,unsupported,reference,unsupported,absent,unsupported,absent,absent,absent,physical/direct_test
ebm_partition_exact,tessera.ebm_partition_exact,energy_based_models,no,bf16,bf16,,public,not_applicable,complete,planned,absent,unsupported,unsupported,unsupported,absent,unsupported,absent,absent,absent,tile/physical/direct_test
ebm_partition_exact,tessera.ebm_partition_exact,energy_based_models,no,fp16,fp16,,public,not_applicable,complete,planned,absent,unsupported,unsupported,unsupported,absent,unsupported,absent,absent,absent,tile/physical/direct_test
ebm_partition_exact,tessera.ebm_partition_exact,energy_based_models,no,fp32,fp32,,public,not_applicable,complete,fused,absent,fused,reference,fused,absent,device_verified_jit,absent,absent,absent,
ebm_partition_exact,tessera.ebm_partition_exact,energy_based_models,no,fp64,fp64,,public,not_applicable,complete,reference,absent,unsupported,reference,unsupported,absent,unsupported,absent,absent,absent,physical/direct_test
ebm_refinement,tessera.ebm_refinement,energy_based_models,no,bf16,bf16,fp32,public,not_applicable,complete,planned,legal_only,unsupported,unsupported,unsupported,absent,unsupported,absent,absent,absent,tile/physical/direct_test
ebm_refinement,tessera.ebm_refinement,energy_based_models,no,fp16,fp16,fp32,public,not_applicable,complete,planned,legal_only,unsupported,unsupported,unsupported,absent,unsupported,absent,absent,absent,tile/physical/direct_test
ebm_refinement,tessera.ebm_refinement,energy_based_models,no,fp32,fp32,fp32,public,not_applicable,complete,fused,legal_only,fused,reference,fused,absent,device_verified_jit,absent,absent,absent,
ebm_refinement,tessera.ebm_refinement,energy_based_models,no,fp64,fp64,fp32,public,not_applicable,complete,reference,unsupported,unsupported,reference,unsupported,absent,unsupported,absent,absent,absent,physical/direct_test
ebm_self_verify,tessera.ebm_self_verify,energy_based_models,no,bf16,bf16,,public,not_applicable,complete,planned,legal_only,unsupported,unsupported,unsupported,absent,unsupported,absent,absent,absent,tile/physical/direct_test
ebm_self_verify,tessera.ebm_self_verify,energy_based_models,no,fp16,fp16,,public,not_applicable,complete,planned,legal_only,unsupported,unsupported,unsupported,absent,unsupported,absent,absent,absent,tile/physical/direct_test
ebm_self_verify,tessera.ebm_self_verify,energy_based_models,no,fp32,fp32,,public,not_applicable,complete,fused,legal_only,fused,reference,fused,absent,device_verified_jit,absent,absent,absent,
ebm_self_verify,tessera.ebm_self_verify,energy_based_models,no,fp64,fp64,,public,not_applicable,complete,reference,unsupported,unsupported,reference,unsupported,absent,unsupported,absent,absent,absent,physical/direct_test
ebm_sphere_langevin,tessera.ebm_sphere_langevin,energy_based_models,no,bf16,bf16,,public,not_applicable,not_applicable,planned,absent,unsupported,unsupported,unsupported,absent,unsupported,absent,absent,absent,tile/physical/direct_test
ebm_sphere_langevin,tessera.ebm_sphere_langevin,energy_based_models,no,fp16,fp16,,public,not_applicable,not_applicable,planned,absent,unsupported,unsupported,unsupported,absent,unsupported,absent,absent,absent,tile/physical/direct_test
ebm_sphere_langevin,tessera.ebm_sphere_langevin,energy_based_models,no,fp32,fp32,,public,not_applicable,not_applicable,fused,absent,fused,reference,fused,absent,device_verified_jit,absent,absent,absent,
ebm_sphere_langevin,tessera.ebm_sphere_langevin,energy_based_models,no,fp64,fp64,,public,not_applicable,not_applicable,reference,absent,unsupported,reference,unsupported,absent,unsupported,absent,absent,absent,physical/direct_test
adafactor,tessera.adafactor,functional_optimizer_step,no,bf16,bf16,fp32,public,registered,complete,planned,unsupported,unsupported,unsupported,absent,absent,unsupported,absent,absent,absent,tile/physical/direct_test
adafactor,tessera.adafactor,functional_optimizer_step,no,fp32,fp32,fp32,public,registered,complete,fused,reference,device_verified_jit,reference,absent,absent,device_verified_jit,absent,absent,absent,
adam,tessera.adam,functional_optimizer_step,no,bf16,bf16,fp32,public,registered,complete,fused,unsupported,unsupported,unsupported,unsupported,artifact_only,unsupported,absent,absent,absent,direct_test
adam,tessera.adam,functional_optimizer_step,no,fp16,fp16,fp32,public,registered,complete,fused,unsupported,unsupported,unsupported,unsupported,artifact_only,unsupported,absent,absent,absent,direct_test
adam,tessera.adam,functional_optimizer_step,no,fp32,fp32,fp32,public,registered,complete,fused,reference,device_verified_jit,reference,device_verified_jit,artifact_only,device_verified_jit,absent,absent,absent,
adamw,tessera.adamw,functional_optimizer_step,no,bf16,bf16,fp32,public,registered,complete,fused,unsupported,unsupported,unsupported,unsupported,artifact_only,unsupported,absent,absent,absent,direct_test
adamw,tessera.adamw,functional_optimizer_step,no,fp16,fp16,fp32,public,registered,complete,fused,unsupported,unsupported,unsupported,unsupported,artifact_only,unsupported,absent,absent,absent,direct_test
adamw,tessera.adamw,functional_optimizer_step,no,fp32,fp32,fp32,public,registered,complete,fused,reference,device_verified_jit,reference,device_verified_jit,artifact_only,device_verified_jit,absent,absent,absent,
lion,tessera.lion,functional_optimizer_step,no,bf16,bf16,fp32,public,registered,complete,planned,unsupported,unsupported,unsupported,unsupported,unsupported,unsupported,absent,absent,absent,tile/physical/direct_test
lion,tessera.lion,functional_optimizer_step,no,fp32,fp32,fp32,public,registered,complete,fused,reference,device_verified_jit,reference,device_verified_jit,device_verified_jit,device_verified_jit,absent,absent,absent,
momentum,tessera.momentum,functional_optimizer_step,no,bf16,bf16,fp32,public,registered,complete,fused,unsupported,unsupported,unsupported,unsupported,artifact_only,unsupported,absent,absent,absent,direct_test
momentum,tessera.momentum,functional_optimizer_step,no,fp16,fp16,fp32,public,registered,complete,fused,unsupported,unsupported,unsupported,unsupported,artifact_only,unsupported,absent,absent,absent,direct_test
momentum,tessera.momentum,functional_optimizer_step,no,fp32,fp32,fp32,public,registered,complete,fused,reference,device_verified_jit,reference,device_verified_jit,artifact_only,device_verified_jit,absent,absent,absent,
nesterov,tessera.nesterov,functional_optimizer_step,no,bf16,bf16,fp32,public,registered,complete,fused,unsupported,unsupported,unsupported,absent,artifact_only,unsupported,absent,absent,absent,direct_test
nesterov,tessera.nesterov,functional_optimizer_step,no,fp16,fp16,fp32,public,registered,complete,fused,unsupported,unsupported,unsupported,absent,artifact_only,unsupported,absent,absent,absent,direct_test
nesterov,tessera.nesterov,functional_optimizer_step,no,fp32,fp32,fp32,public,registered,complete,fused,reference,device_verified_jit,reference,absent,artifact_only,device_verified_jit,absent,absent,absent,
sgd,tessera.sgd,functional_optimizer_step,no,bf16,bf16,fp32,public,registered,complete,fused,unsupported,unsupported,unsupported,unsupported,artifact_only,unsupported,absent,absent,absent,direct_test
sgd,tessera.sgd,functional_optimizer_step,no,fp16,fp16,fp32,public,registered,complete,fused,unsupported,unsupported,unsupported,unsupported,artifact_only,unsupported,absent,absent,absent,direct_test
sgd,tessera.sgd,functional_optimizer_step,no,fp32,fp32,fp32,public,registered,complete,fused,reference,device_verified_jit,reference,device_verified_jit,artifact_only,device_verified_jit,absent,absent,absent,
fused_epilogue,tessera.fused_epilogue,fused_epilogue,no,bf16,bf16,fp32,public,registered,complete,fused,unsupported,legal_only,unsupported,unsupported,device_verified_jit,device_verified_jit,absent,absent,absent,
fused_epilogue,tessera.fused_epilogue,fused_epilogue,no,fp16,fp16,fp32,public,registered,complete,fused,unsupported,unsupported,unsupported,unsupported,device_verified_jit,device_verified_jit,absent,absent,absent,
fused_epilogue,tessera.fused_epilogue,fused_epilogue,no,fp32,fp32,fp32,public,registered,complete,fused,reference,legal_only,reference,device_verified_jit,unsupported,device_verified_jit,absent,absent,absent,
fused_epilogue,tessera.fused_epilogue,fused_epilogue,no,fp8_e4m3,fp8_e4m3,fp32,public,registered,complete,fused,unsupported,unsupported,unsupported,unsupported,unsupported,device_verified_jit,absent,absent,absent,
fused_epilogue,tessera.fused_epilogue,fused_epilogue,no,fp8_e5m2,fp8_e5m2,fp32,public,registered,complete,fused,unsupported,unsupported,unsupported,unsupported,unsupported,device_verified_jit,absent,absent,absent,
clifford_codiff,tessera.clifford_codiff,geometric_algebra,no,bf16,bf16,,public,not_applicable,complete,planned,legal_only,unsupported,unsupported,unsupported,absent,unsupported,absent,absent,absent,tile/physical/direct_test
clifford_codiff,tessera.clifford_codiff,geometric_algebra,no,fp16,fp16,,public,not_applicable,complete,planned,legal_only,unsupported,unsupported,unsupported,absent,unsupported,absent,absent,absent,tile/physical/direct_test
clifford_codiff,tessera.clifford_codiff,geometric_algebra,no,fp32,fp32,,public,not_applicable,complete,fused,legal_only,fused,reference,fused,absent,device_verified_jit,absent,absent,absent,
clifford_codiff,tessera.clifford_codiff,geometric_algebra,no,fp64,fp64,,public,not_applicable,complete,reference,unsupported,unsupported,reference,unsupported,absent,unsupported,absent,absent,absent,physical/direct_test
clifford_conjugate,tessera.clifford_conjugate,geometric_algebra,no,bf16,bf16,,public,not_applicable,complete,planned,legal_only,unsupported,unsupported,unsupported,absent,unsupported,absent,absent,absent,tile/physical/direct_test
clifford_conjugate,tessera.clifford_conjugate,geometric_algebra,no,fp16,fp16,,public,not_applicable,complete,planned,legal_only,unsupported,unsupported,unsupported,absent,unsupported,absent,absent,absent,tile/physical/direct_test
clifford_conjugate,tessera.clifford_conjugate,geometric_algebra,no,fp32,fp32,,public,not_applicable,complete,fused,legal_only,fused,reference,fused,absent,device_verified_jit,absent,absent,absent,
clifford_conjugate,tessera.clifford_conjugate,geometric_algebra,no,fp64,fp64,,public,not_applicable,complete,reference,unsupported,unsupported,reference,unsupported,absent,unsupported,absent,absent,absent,physical/direct_test
clifford_exp,tessera.clifford_exp,geometric_algebra,no,bf16,bf16,,public,not_applicable,complete,planned,legal_only,unsupported,unsupported,unsupported,absent,unsupported,absent,absent,absent,tile/physical/direct_test
clifford_exp,tessera.clifford_exp,geometric_algebra,no,fp16,fp16,,public,not_applicable,complete,planned,legal_only,unsupported,unsupported,unsupported,absent,unsupported,absent,absent,absent,tile/physical/direct_test
clifford_exp,tessera.clifford_exp,geometric_algebra,no,fp32,fp32,,public,not_applicable,complete,fused,legal_only,fused,reference,fused,absent,device_verified_jit,absent,absent,absent,
clifford_exp,tessera.clifford_exp,geometric_algebra,no,fp64,fp64,,public,not_applicable,complete,reference,unsupported,unsupported,reference,unsupported,absent,unsupported,absent,absent,absent,physical/direct_test
clifford_ext_deriv,tessera.clifford_ext_deriv,geometric_algebra,no,bf16,bf16,,public,not_applicable,complete,planned,legal_only,unsupported,unsupported,unsupported,absent,unsupported,absent,absent,absent,tile/physical/direct_test
clifford_ext_deriv,tessera.clifford_ext_deriv,geometric_algebra,no,fp16,fp16,,public,not_applicable,complete,planned,legal_only,unsupported,unsupported,unsupported,absent,unsupported,absent,absent,absent,tile/physical/direct_test
clifford_ext_deriv,tessera.clifford_ext_deriv,geometric_algebra,no,fp32,fp32,,public,not_applicable,complete,fused,legal_only,fused,reference,fused,absent,device_verified_jit,absent,absent,absent,
clifford_ext_deriv,tessera.clifford_ext_deriv,geometric_algebra,no,fp64,fp64,,public,not_applicable,complete,reference,unsupported,unsupported,reference,unsupported,absent,unsupported,absent,absent,absent,physical/direct_test
clifford_geometric_product,tessera.clifford_geometric_product,geometric_algebra,no,bf16,bf16,,public,not_applicable,complete,fused,legal_only,unsupported,unsupported,fused,absent,unsupported,absent,absent,absent,
clifford_geometric_product,tessera.clifford_geometric_product,geometric_algebra,no,fp16,fp16,,public,not_applicable,complete,fused,legal_only,unsupported,unsupported,fused,absent,unsupported,absent,absent,absent,
clifford_geometric_product,tessera.clifford_geometric_product,geometric_algebra,no,fp32,fp32,,public,not_applicable,complete,fused,legal_only,fused,reference,fused,absent,device_verified_jit,absent,absent,absent,
clifford_geometric_product,tessera.clifford_geometric_product,geometric_algebra,no,fp64,fp64,,public,not_applicable,complete,reference,unsupported,unsupported,reference,unsupported,absent,unsupported,absent,absent,absent,physical/direct_test
clifford_grade_involution,tessera.clifford_grade_involution,geometric_algebra,no,bf16,bf16,,public,not_applicable,complete,planned,legal_only,unsupported,unsupported,unsupported,absent,unsupported,absent,absent,absent,tile/physical/direct_test
clifford_grade_involution,tessera.clifford_grade_involution,geometric_algebra,no,fp16,fp16,,public,not_applicable,complete,planned,legal_only,unsupported,unsupported,unsupported,absent,unsupported,absent,absent,absent,tile/physical/direct_test
clifford_grade_involution,tessera.clifford_grade_involution,geometric_algebra,no,fp32,fp32,,public,not_applicable,complete,fused,legal_only,fused,reference,fused,absent,device_verified_jit,absent,absent,absent,
clifford_grade_involution,tessera.clifford_grade_involution,geometric_algebra,no,fp64,fp64,,public,not_applicable,complete,reference,unsupported,unsupported,reference,unsupported,absent,unsupported,absent,absent,absent,physical/direct_test
clifford_grade_projection,tessera.clifford_grade_projection,geometric_algebra,no,bf16,bf16,,public,not_applicable,complete,planned,legal_only,unsupported,unsupported,unsupported,absent,unsupported,absent,absent,absent,tile/physical/direct_test
clifford_grade_projection,tessera.clifford_grade_projection,geometric_algebra,no,fp16,fp16,,public,not_applicable,complete,planned,legal_only,unsupported,unsupported,unsupported,absent,unsupported,absent,absent,absent,tile/physical/direct_test
clifford_grade_projection,tessera.clifford_grade_projection,geometric_algebra,no,fp32,fp32,,public,not_applicable,complete,fused,legal_only,fused,reference,fused,absent,device_verified_jit,absent,absent,absent,
clifford_grade_projection,tessera.clifford_grade_projection,geometric_algebra,no,fp64,fp64,,public,not_applicable,complete,reference,unsupported,unsupported,reference,unsupported,absent,unsupported,absent,absent,absent,physical/direct_test
clifford_hodge_star,tessera.clifford_hodge_star,geometric_algebra,no,bf16,bf16,,public,not_applicable,complete,planned,legal_only,unsupported,unsupported,unsupported,absent,unsupported,absent,absent,absent,tile/physical/direct_test
clifford_hodge_star,tessera.clifford_hodge_star,geometric_algebra,no,fp16,fp16,,public,not_applicable,complete,planned,legal_only,unsupported,unsupported,unsupported,absent,unsupported,absent,absent,absent,tile/physical/direct_test
clifford_hodge_star,tessera.clifford_hodge_star,geometric_algebra,no,fp32,fp32,,public,not_applicable,complete,fused,legal_only,fused,reference,fused,absent,device_verified_jit,absent,absent,absent,
clifford_hodge_star,tessera.clifford_hodge_star,geometric_algebra,no,fp64,fp64,,public,not_applicable,complete,reference,unsupported,unsupported,reference,unsupported,absent,unsupported,absent,absent,absent,physical/direct_test
clifford_inner,tessera.clifford_inner,geometric_algebra,no,bf16,bf16,,public,not_applicable,complete,planned,legal_only,unsupported,unsupported,unsupported,absent,unsupported,absent,absent,absent,tile/physical/direct_test
clifford_inner,tessera.clifford_inner,geometric_algebra,no,fp16,fp16,,public,not_applicable,complete,planned,legal_only,unsupported,unsupported,unsupported,absent,unsupported,absent,absent,absent,tile/physical/direct_test
clifford_inner,tessera.clifford_inner,geometric_algebra,no,fp32,fp32,,public,not_applicable,complete,fused,legal_only,fused,reference,fused,absent,device_verified_jit,absent,absent,absent,
clifford_inner,tessera.clifford_inner,geometric_algebra,no,fp64,fp64,,public,not_applicable,complete,reference,unsupported,unsupported,reference,unsupported,absent,unsupported,absent,absent,absent,physical/direct_test
clifford_integral,tessera.clifford_integral,geometric_algebra,no,bf16,bf16,,public,not_applicable,complete,planned,absent,unsupported,unsupported,unsupported,absent,unsupported,absent,absent,absent,tile/physical/direct_test
clifford_integral,tessera.clifford_integral,geometric_algebra,no,fp16,fp16,,public,not_applicable,complete,planned,absent,unsupported,unsupported,unsupported,absent,unsupported,absent,absent,absent,tile/physical/direct_test
clifford_integral,tessera.clifford_integral,geometric_algebra,no,fp32,fp32,,public,not_applicable,complete,fused,absent,fused,reference,fused,absent,device_verified_jit,absent,absent,absent,
clifford_integral,tessera.clifford_integral,geometric_algebra,no,fp64,fp64,,public,not_applicable,complete,reference,absent,unsupported,reference,unsupported,absent,unsupported,absent,absent,absent,physical/direct_test
clifford_left_contraction,tessera.clifford_left_contraction,geometric_algebra,no,bf16,bf16,,public,not_applicable,complete,planned,legal_only,unsupported,unsupported,unsupported,absent,unsupported,absent,absent,absent,tile/physical/direct_test
clifford_left_contraction,tessera.clifford_left_contraction,geometric_algebra,no,fp16,fp16,,public,not_applicable,complete,planned,legal_only,unsupported,unsupported,unsupported,absent,unsupported,absent,absent,absent,tile/physical/direct_test
clifford_left_contraction,tessera.clifford_left_contraction,geometric_algebra,no,fp32,fp32,,public,not_applicable,complete,fused,legal_only,fused,reference,fused,absent,device_verified_jit,absent,absent,absent,
clifford_left_contraction,tessera.clifford_left_contraction,geometric_algebra,no,fp64,fp64,,public,not_applicable,complete,reference,unsupported,unsupported,reference,unsupported,absent,unsupported,absent,absent,absent,physical/direct_test
clifford_log,tessera.clifford_log,geometric_algebra,no,bf16,bf16,,public,not_applicable,complete,planned,legal_only,unsupported,unsupported,unsupported,absent,unsupported,absent,absent,absent,tile/physical/direct_test
clifford_log,tessera.clifford_log,geometric_algebra,no,fp16,fp16,,public,not_applicable,complete,planned,legal_only,unsupported,unsupported,unsupported,absent,unsupported,absent,absent,absent,tile/physical/direct_test
clifford_log,tessera.clifford_log,geometric_algebra,no,fp32,fp32,,public,not_applicable,complete,fused,legal_only,fused,reference,fused,absent,device_verified_jit,absent,absent,absent,
clifford_log,tessera.clifford_log,geometric_algebra,no,fp64,fp64,,public,not_applicable,complete,reference,unsupported,unsupported,reference,unsupported,absent,unsupported,absent,absent,absent,physical/direct_test
clifford_norm,tessera.clifford_norm,geometric_algebra,no,bf16,bf16,,public,not_applicable,complete,planned,legal_only,unsupported,unsupported,unsupported,absent,unsupported,absent,absent,absent,tile/physical/direct_test
clifford_norm,tessera.clifford_norm,geometric_algebra,no,fp16,fp16,,public,not_applicable,complete,planned,legal_only,unsupported,unsupported,unsupported,absent,unsupported,absent,absent,absent,tile/physical/direct_test
clifford_norm,tessera.clifford_norm,geometric_algebra,no,fp32,fp32,,public,not_applicable,complete,fused,legal_only,fused,reference,fused,absent,device_verified_jit,absent,absent,absent,
clifford_norm,tessera.clifford_norm,geometric_algebra,no,fp64,fp64,,public,not_applicable,complete,reference,unsupported,unsupported,reference,unsupported,absent,unsupported,absent,absent,absent,physical/direct_test
clifford_norm_squared,tessera.clifford_norm_squared,geometric_algebra,no,bf16,bf16,fp32,public,not_applicable,complete,planned,legal_only,unsupported,unsupported,unsupported,absent,unsupported,absent,absent,absent,tile/physical/direct_test
clifford_norm_squared,tessera.clifford_norm_squared,geometric_algebra,no,fp16,fp16,fp32,public,not_applicable,complete,planned,legal_only,unsupported,unsupported,unsupported,absent,unsupported,absent,absent,absent,tile/physical/direct_test
clifford_norm_squared,tessera.clifford_norm_squared,geometric_algebra,no,fp32,fp32,fp32,public,not_applicable,complete,fused,legal_only,fused,reference,fused,absent,device_verified_jit,absent,absent,absent,
clifford_norm_squared,tessera.clifford_norm_squared,geometric_algebra,no,fp64,fp64,fp32,public,not_applicable,complete,reference,unsupported,unsupported,reference,unsupported,absent,unsupported,absent,absent,absent,physical/direct_test
clifford_reverse,tessera.clifford_reverse,geometric_algebra,no,bf16,bf16,,public,not_applicable,complete,planned,legal_only,unsupported,unsupported,unsupported,absent,unsupported,absent,absent,absent,tile/physical/direct_test
clifford_reverse,tessera.clifford_reverse,geometric_algebra,no,fp16,fp16,,public,not_applicable,complete,planned,legal_only,unsupported,unsupported,unsupported,absent,unsupported,absent,absent,absent,tile/physical/direct_test
clifford_reverse,tessera.clifford_reverse,geometric_algebra,no,fp32,fp32,,public,not_applicable,complete,fused,legal_only,fused,reference,fused,absent,device_verified_jit,absent,absent,absent,
clifford_reverse,tessera.clifford_reverse,geometric_algebra,no,fp64,fp64,,public,not_applicable,complete,reference,unsupported,unsupported,reference,unsupported,absent,unsupported,absent,absent,absent,physical/direct_test
clifford_rotor_sandwich,tessera.clifford_rotor_sandwich,geometric_algebra,no,bf16,bf16,,public,not_applicable,complete,fused,legal_only,unsupported,unsupported,fused,absent,unsupported,absent,absent,absent,
clifford_rotor_sandwich,tessera.clifford_rotor_sandwich,geometric_algebra,no,fp16,fp16,,public,not_applicable,complete,fused,legal_only,unsupported,unsupported,fused,absent,unsupported,absent,absent,absent,
clifford_rotor_sandwich,tessera.clifford_rotor_sandwich,geometric_algebra,no,fp32,fp32,,public,not_applicable,complete,fused,legal_only,fused,reference,fused,absent,device_verified_jit,absent,absent,absent,
clifford_rotor_sandwich,tessera.clifford_rotor_sandwich,geometric_algebra,no,fp64,fp64,,public,not_applicable,complete,reference,unsupported,unsupported,reference,unsupported,absent,unsupported,absent,absent,absent,physical/direct_test
clifford_vec_deriv,tessera.clifford_vec_deriv,geometric_algebra,no,bf16,bf16,,public,not_applicable,complete,planned,legal_only,unsupported,unsupported,unsupported,absent,unsupported,absent,absent,absent,tile/physical/direct_test
clifford_vec_deriv,tessera.clifford_vec_deriv,geometric_algebra,no,fp16,fp16,,public,not_applicable,complete,planned,legal_only,unsupported,unsupported,unsupported,absent,unsupported,absent,absent,absent,tile/physical/direct_test
clifford_vec_deriv,tessera.clifford_vec_deriv,geometric_algebra,no,fp32,fp32,,public,not_applicable,complete,fused,legal_only,fused,reference,fused,absent,device_verified_jit,absent,absent,absent,
clifford_vec_deriv,tessera.clifford_vec_deriv,geometric_algebra,no,fp64,fp64,,public,not_applicable,complete,reference,unsupported,unsupported,reference,unsupported,absent,unsupported,absent,absent,absent,physical/direct_test
clifford_wedge,tessera.clifford_wedge,geometric_algebra,no,bf16,bf16,,public,not_applicable,complete,planned,legal_only,unsupported,unsupported,unsupported,absent,unsupported,absent,absent,absent,tile/physical/direct_test
clifford_wedge,tessera.clifford_wedge,geometric_algebra,no,fp16,fp16,,public,not_applicable,complete,planned,legal_only,unsupported,unsupported,unsupported,absent,unsupported,absent,absent,absent,tile/physical/direct_test
clifford_wedge,tessera.clifford_wedge,geometric_algebra,no,fp32,fp32,,public,not_applicable,complete,fused,legal_only,fused,reference,fused,absent,device_verified_jit,absent,absent,absent,
clifford_wedge,tessera.clifford_wedge,geometric_algebra,no,fp64,fp64,,public,not_applicable,complete,reference,unsupported,unsupported,reference,unsupported,absent,unsupported,absent,absent,absent,physical/direct_test
dynamic_slice,tessera.dynamic_slice,indexing,no,fp32,fp32,int32,public,registered,complete,reference,reference,legal_only,reference,absent,absent,absent,absent,absent,absent,physical/direct_test
dynamic_slice,tessera.dynamic_slice,indexing,no,int32,int32,int32,public,registered,complete,planned,unsupported,unsupported,unsupported,absent,absent,absent,absent,absent,absent,tile/physical/direct_test
dynamic_update_slice,tessera.dynamic_update_slice,indexing,no,fp32,fp32,int32,public,registered,complete,reference,reference,legal_only,reference,absent,absent,absent,absent,absent,absent,physical/direct_test
dynamic_update_slice,tessera.dynamic_update_slice,indexing,no,int32,int32,int32,public,registered,complete,planned,unsupported,unsupported,unsupported,absent,absent,absent,absent,absent,absent,tile/physical/direct_test
gather,tessera.gather,indexing,no,bf16,bf16,int32,public,registered,complete,fused,unsupported,legal_only,unsupported,fused,absent,absent,absent,absent,absent,
gather,tessera.gather,indexing,no,fp16,fp16,int32,public,registered,complete,fused,unsupported,unsupported,unsupported,fused,absent,absent,absent,absent,absent,
gather,tessera.gather,indexing,no,fp32,fp32,int32,public,registered,complete,fused,reference,legal_only,reference,fused,absent,absent,absent,absent,absent,
gather,tessera.gather,indexing,no,int32,int32,int32,public,registered,complete,planned,unsupported,unsupported,unsupported,unsupported,absent,absent,absent,absent,absent,tile/physical/direct_test
index_select,tessera.index_select,indexing,no,fp32,fp32,int32,public,registered,complete,reference,reference,legal_only,reference,absent,absent,absent,absent,absent,absent,physical/direct_test
index_select,tessera.index_select,indexing,no,int32,int32,int32,public,registered,complete,planned,unsupported,unsupported,unsupported,absent,absent,absent,absent,absent,absent,tile/physical/direct_test
index_update,tessera.index_update,indexing,no,fp32,fp32,int32,public,registered,complete,reference,reference,legal_only,reference,absent,absent,absent,absent,absent,absent,physical/direct_test
index_update,tessera.index_update,indexing,no,int32,int32,int32,public,registered,complete,planned,unsupported,unsupported,unsupported,absent,absent,absent,absent,absent,absent,tile/physical/direct_test
masked_categorical,tessera.masked_categorical,indexing,no,fp32,fp32,int32,public,registered,complete,fused,reference,legal_only,reference,fused,absent,absent,absent,absent,absent,
masked_categorical,tessera.masked_categorical,indexing,no,int32,int32,int32,public,registered,complete,fused,unsupported,unsupported,unsupported,fused,absent,absent,absent,absent,absent,
memory_index_select,tessera.memory_index_select,indexing,no,fp32,fp32,int32,public,registered,complete,reference,reference,legal_only,reference,absent,absent,absent,absent,absent,absent,physical/direct_test
memory_index_select,tessera.memory_index_select,indexing,no,int32,int32,int32,public,registered,complete,planned,unsupported,unsupported,unsupported,absent,absent,absent,absent,absent,absent,tile/physical/direct_test
memory_index_select_ste,tessera.memory_index_select_ste,indexing,no,fp32,fp32,int32,public,registered,complete,reference,reference,legal_only,reference,absent,absent,absent,absent,absent,absent,physical/direct_test
memory_index_select_ste,tessera.memory_index_select_ste,indexing,no,int32,int32,int32,public,registered,complete,planned,unsupported,unsupported,unsupported,absent,absent,absent,absent,absent,absent,tile/physical/direct_test
msa_select_blocks,tessera.msa_select_blocks,indexing,no,fp32,fp32,int32,public,registered,complete,reference,reference,legal_only,reference,absent,absent,absent,absent,absent,absent,physical/direct_test
msa_select_blocks,tessera.msa_select_blocks,indexing,no,int32,int32,int32,public,registered,complete,planned,unsupported,unsupported,unsupported,absent,absent,absent,absent,absent,absent,tile/physical/direct_test
nonzero,tessera.nonzero,indexing,no,fp32,fp32,int32,public,registered,complete,reference,reference,legal_only,reference,absent,absent,absent,absent,absent,absent,physical/direct_test
nonzero,tessera.nonzero,indexing,no,int32,int32,int32,public,registered,complete,planned,unsupported,unsupported,unsupported,absent,absent,absent,absent,absent,absent,tile/physical/direct_test
scatter,tessera.scatter,indexing,no,fp32,fp32,int32,public,registered,complete,fused,reference,device_verified_jit,reference,device_verified_jit,absent,device_verified_jit,absent,absent,absent,
scatter,tessera.scatter,indexing,no,int32,int32,int32,public,registered,complete,planned,unsupported,unsupported,unsupported,unsupported,absent,unsupported,absent,absent,absent,tile/physical/direct_test
scatter_add,tessera.scatter_add,indexing,no,fp32,fp32,int32,public,registered,complete,fused,reference,device_verified_jit,reference,device_verified_jit,absent,device_verified_jit,absent,absent,absent,
scatter_add,tessera.scatter_add,indexing,no,int32,int32,int32,public,registered,complete,planned,unsupported,unsupported,unsupported,unsupported,absent,unsupported,absent,absent,absent,tile/physical/direct_test
scatter_reduce,tessera.scatter_reduce,indexing,no,fp32,fp32,int32,public,registered,complete,fused,reference,device_verified_jit,reference,device_verified_jit,absent,device_verified_jit,absent,absent,absent,
scatter_reduce,tessera.scatter_reduce,indexing,no,int32,int32,int32,public,registered,complete,planned,unsupported,unsupported,unsupported,unsupported,absent,unsupported,absent,absent,absent,tile/physical/direct_test
select,tessera.select,indexing,no,fp32,fp32,int32,public,registered,complete,reference,reference,legal_only,reference,absent,absent,absent,absent,absent,absent,physical/direct_test
select,tessera.select,indexing,no,int32,int32,int32,public,registered,complete,planned,unsupported,unsupported,unsupported,absent,absent,absent,absent,absent,absent,tile/physical/direct_test
slice,tessera.slice,indexing,no,bf16,bf16,int32,public,registered,complete,fused,unsupported,legal_only,unsupported,fused,absent,absent,absent,absent,absent,
slice,tessera.slice,indexing,no,fp16,fp16,int32,public,registered,complete,fused,unsupported,unsupported,unsupported,fused,absent,absent,absent,absent,absent,
slice,tessera.slice,indexing,no,fp32,fp32,int32,public,registered,complete,fused,reference,legal_only,reference,fused,absent,absent,absent,absent,absent,
slice,tessera.slice,indexing,no,int32,int32,int32,public,registered,complete,planned,unsupported,unsupported,unsupported,unsupported,absent,absent,absent,absent,absent,tile/physical/direct_test
take,tessera.take,indexing,no,fp32,fp32,int32,public,registered,complete,reference,reference,legal_only,reference,absent,absent,absent,absent,absent,absent,physical/direct_test
take,tessera.take,indexing,no,int32,int32,int32,public,registered,complete,planned,unsupported,unsupported,unsupported,absent,absent,absent,absent,absent,absent,tile/physical/direct_test
arange,tessera.arange,layout_transform,no,bf16,bf16,fp64,public,registered,complete,planned,unsupported,unsupported,unsupported,unsupported,absent,unsupported,absent,absent,absent,tile/physical/direct_test
arange,tessera.arange,layout_transform,no,fp32,fp32,fp64,public,registered,complete,not_applicable,reference,device_verified_jit,reference,device_verified_jit,absent,device_verified_jit,absent,absent,absent,
broadcast,tessera.broadcast,layout_transform,no,bf16,bf16,fp64,public,registered,complete,planned,unsupported,legal_only,unsupported,absent,absent,absent,absent,absent,absent,tile/physical/direct_test
broadcast,tessera.broadcast,layout_transform,no,fp32,fp32,fp64,public,registered,complete,reference,reference,legal_only,reference,absent,absent,absent,absent,absent,absent,physical/direct_test
cast,tessera.cast,layout_transform,no,bf16,bf16,fp64,public,registered,complete,fused,unsupported,unsupported,unsupported,fused,absent,unsupported,absent,absent,absent,direct_test
cast,tessera.cast,layout_transform,no,fp16,fp16,fp64,public,registered,complete,fused,unsupported,unsupported,unsupported,fused,absent,unsupported,absent,absent,absent,direct_test
cast,tessera.cast,layout_transform,no,fp32,fp32,fp64,public,registered,complete,fused,reference,device_verified_jit,reference,fused,absent,device_verified_jit,absent,absent,absent,
cat,tessera.cat,layout_transform,no,bf16,bf16,fp64,public,registered,complete,planned,unsupported,unsupported,unsupported,absent,absent,unsupported,absent,absent,absent,tile/physical/direct_test
cat,tessera.cat,layout_transform,no,fp32,fp32,fp64,public,registered,complete,fused,reference,device_verified_jit,reference,absent,absent,device_verified_jit,absent,absent,absent,
chunk,tessera.chunk,layout_transform,no,bf16,bf16,fp64,public,registered,complete,planned,unsupported,legal_only,unsupported,absent,absent,absent,absent,absent,absent,tile/physical/direct_test
chunk,tessera.chunk,layout_transform,no,fp32,fp32,fp64,public,registered,complete,reference,reference,legal_only,reference,absent,absent,absent,absent,absent,absent,physical/direct_test
expand,tessera.expand,layout_transform,no,bf16,bf16,fp64,public,registered,complete,planned,unsupported,legal_only,unsupported,absent,absent,absent,absent,absent,absent,tile/physical/direct_test
expand,tessera.expand,layout_transform,no,fp32,fp32,fp64,public,registered,complete,reference,reference,legal_only,reference,absent,absent,absent,absent,absent,absent,physical/direct_test
flatten,tessera.flatten,layout_transform,no,bf16,bf16,fp64,public,registered,complete,planned,unsupported,legal_only,unsupported,absent,absent,absent,absent,absent,absent,tile/physical/direct_test
flatten,tessera.flatten,layout_transform,no,fp32,fp32,fp64,public,registered,complete,reference,reference,legal_only,reference,absent,absent,absent,absent,absent,absent,physical/direct_test
flip,tessera.flip,layout_transform,no,bf16,bf16,fp64,public,registered,complete,planned,unsupported,unsupported,unsupported,unsupported,absent,unsupported,absent,absent,absent,tile/physical/direct_test
flip,tessera.flip,layout_transform,no,fp32,fp32,fp64,public,registered,complete,fused,reference,device_verified_jit,reference,device_verified_jit,absent,device_verified_jit,absent,absent,absent,
masked_fill,tessera.masked_fill,layout_transform,no,bf16,bf16,fp64,public,registered,complete,planned,unsupported,unsupported,unsupported,unsupported,absent,unsupported,absent,absent,absent,tile/physical/direct_test
masked_fill,tessera.masked_fill,layout_transform,no,fp32,fp32,fp64,public,registered,complete,fused,reference,device_verified_jit,reference,device_verified_jit,absent,device_verified_jit,absent,absent,absent,
mor_partition,tessera.mor_partition,layout_transform,no,bf16,bf16,fp64,public,registered,complete,planned,unsupported,unsupported,unsupported,unsupported,absent,unsupported,absent,absent,absent,tile/physical/direct_test
mor_partition,tessera.mor_partition,layout_transform,no,fp32,fp32,fp64,public,registered,complete,not_applicable,reference,device_verified_jit,reference,device_verified_jit,absent,device_verified_jit,absent,absent,absent,
mor_router,tessera.mor_router,layout_transform,no,bf16,bf16,fp64,public,registered,complete,planned,unsupported,unsupported,unsupported,unsupported,absent,unsupported,absent,absent,absent,tile/physical/direct_test
mor_router,tessera.mor_router,layout_transform,no,fp32,fp32,fp64,public,registered,complete,not_applicable,reference,device_verified_jit,reference,device_verified_jit,absent,device_verified_jit,absent,absent,absent,
mor_scatter,tessera.mor_scatter,layout_transform,no,bf16,bf16,fp64,public,registered,complete,planned,unsupported,unsupported,unsupported,unsupported,absent,unsupported,absent,absent,absent,tile/physical/direct_test
mor_scatter,tessera.mor_scatter,layout_transform,no,fp32,fp32,fp64,public,registered,complete,not_applicable,reference,device_verified_jit,reference,device_verified_jit,absent,device_verified_jit,absent,absent,absent,
pack,tessera.pack,layout_transform,yes,bf16,bf16,fp64,public,registered,complete,planned,unsupported,unsupported,unsupported,unsupported,absent,unsupported,absent,absent,absent,tile/physical/direct_test
pack,tessera.pack,layout_transform,yes,fp32,fp32,fp64,public,registered,complete,fused,reference,device_verified_jit,reference,device_verified_jit,absent,device_verified_jit,absent,absent,absent,
pad,tessera.pad,layout_transform,no,bf16,bf16,fp64,public,registered,complete,planned,unsupported,unsupported,unsupported,unsupported,absent,unsupported,absent,absent,absent,tile/physical/direct_test
pad,tessera.pad,layout_transform,no,fp32,fp32,fp64,public,registered,complete,fused,reference,device_verified_jit,reference,device_verified_jit,absent,device_verified_jit,absent,absent,absent,
permute,tessera.permute,layout_transform,no,bf16,bf16,fp64,public,registered,complete,planned,unsupported,legal_only,unsupported,absent,absent,absent,absent,absent,absent,tile/physical/direct_test
permute,tessera.permute,layout_transform,no,fp32,fp32,fp64,public,registered,complete,reference,reference,legal_only,reference,absent,absent,absent,absent,absent,absent,physical/direct_test
rearrange,tessera.rearrange,layout_transform,yes,bf16,bf16,fp64,public,registered,complete,planned,unsupported,unsupported,unsupported,unsupported,absent,unsupported,absent,absent,absent,tile/physical/direct_test
rearrange,tessera.rearrange,layout_transform,yes,fp32,fp32,fp64,public,registered,complete,fused,reference,device_verified_jit,reference,device_verified_jit,absent,device_verified_jit,absent,absent,absent,
repeat,tessera.repeat,layout_transform,no,bf16,bf16,fp64,public,registered,complete,planned,unsupported,unsupported,unsupported,unsupported,absent,unsupported,absent,absent,absent,tile/physical/direct_test
repeat,tessera.repeat,layout_transform,no,fp32,fp32,fp64,public,registered,complete,fused,reference,device_verified_jit,reference,device_verified_jit,absent,device_verified_jit,absent,absent,absent,
reshape,tessera.reshape,layout_transform,no,bf16,bf16,fp64,public,registered,complete,planned,unsupported,legal_only,unsupported,absent,absent,absent,absent,absent,absent,tile/physical/direct_test
reshape,tessera.reshape,layout_transform,no,fp32,fp32,fp64,public,registered,complete,reference,reference,legal_only,reference,absent,absent,absent,absent,absent,absent,physical/direct_test
roll,tessera.roll,layout_transform,no,bf16,bf16,fp64,public,registered,complete,planned,unsupported,unsupported,unsupported,unsupported,absent,unsupported,absent,absent,absent,tile/physical/direct_test
roll,tessera.roll,layout_transform,no,fp32,fp32,fp64,public,registered,complete,fused,reference,device_verified_jit,reference,device_verified_jit,absent,device_verified_jit,absent,absent,absent,
rope_merge,tessera.rope_merge,layout_transform,no,bf16,bf16,fp64,public,registered,complete,planned,unsupported,unsupported,unsupported,unsupported,absent,unsupported,absent,absent,absent,tile/physical/direct_test
rope_merge,tessera.rope_merge,layout_transform,no,fp32,fp32,fp64,public,registered,complete,fused,reference,device_verified_jit,reference,device_verified_jit,absent,device_verified_jit,absent,absent,absent,
rope_split,tessera.rope_split,layout_transform,no,bf16,bf16,fp64,public,registered,complete,planned,unsupported,unsupported,unsupported,unsupported,absent,unsupported,absent,absent,absent,tile/physical/direct_test
rope_split,tessera.rope_split,layout_transform,no,fp32,fp32,fp64,public,registered,complete,fused,reference,device_verified_jit,reference,device_verified_jit,absent,device_verified_jit,absent,absent,absent,
split,tessera.split,layout_transform,no,bf16,bf16,fp64,public,registered,complete,planned,unsupported,legal_only,unsupported,absent,absent,absent,absent,absent,absent,tile/physical/direct_test
split,tessera.split,layout_transform,no,fp32,fp32,fp64,public,registered,complete,reference,reference,legal_only,reference,absent,absent,absent,absent,absent,absent,physical/direct_test
squeeze,tessera.squeeze,layout_transform,no,bf16,bf16,fp64,public,registered,complete,planned,unsupported,legal_only,unsupported,absent,absent,absent,absent,absent,absent,tile/physical/direct_test
squeeze,tessera.squeeze,layout_transform,no,fp32,fp32,fp64,public,registered,complete,reference,reference,legal_only,reference,absent,absent,absent,absent,absent,absent,physical/direct_test
stack,tessera.stack,layout_transform,no,bf16,bf16,fp64,public,registered,complete,planned,unsupported,unsupported,unsupported,unsupported,absent,unsupported,absent,absent,absent,tile/physical/direct_test
stack,tessera.stack,layout_transform,no,fp32,fp32,fp64,public,registered,complete,fused,reference,device_verified_jit,reference,device_verified_jit,absent,device_verified_jit,absent,absent,absent,
stop_gradient,tessera.stop_gradient,layout_transform,no,bf16,bf16,fp64,public,registered,complete,planned,unsupported,legal_only,unsupported,absent,absent,absent,absent,absent,absent,tile/physical/direct_test
stop_gradient,tessera.stop_gradient,layout_transform,no,fp32,fp32,fp64,public,registered,complete,reference,reference,legal_only,reference,absent,absent,absent,absent,absent,absent,physical/direct_test
tile,tessera.tile,layout_transform,no,bf16,bf16,fp64,public,registered,complete,planned,unsupported,unsupported,unsupported,unsupported,absent,unsupported,absent,absent,absent,tile/physical/direct_test
tile,tessera.tile,layout_transform,no,fp32,fp32,fp64,public,registered,complete,fused,reference,device_verified_jit,reference,device_verified_jit,absent,device_verified_jit,absent,absent,absent,
tile_view,tessera.tile_view,layout_transform,yes,bf16,bf16,fp64,public,registered,complete,planned,unsupported,unsupported,unsupported,unsupported,absent,unsupported,absent,absent,absent,tile/physical/direct_test
tile_view,tessera.tile_view,layout_transform,yes,fp32,fp32,fp64,public,registered,complete,fused,reference,device_verified_jit,reference,device_verified_jit,absent,device_verified_jit,absent,absent,absent,
transpose,tessera.transpose,layout_transform,yes,bf16,bf16,fp64,public,registered,complete,fused,unsupported,unsupported,unsupported,fused,absent,unsupported,absent,absent,absent,
transpose,tessera.transpose,layout_transform,yes,fp16,fp16,fp64,public,registered,complete,fused,unsupported,unsupported,unsupported,fused,absent,unsupported,absent,absent,absent,
transpose,tessera.transpose,layout_transform,yes,fp32,fp32,fp64,public,registered,complete,fused,reference,device_verified_jit,reference,fused,absent,device_verified_jit,absent,absent,absent,
unpack,tessera.unpack,layout_transform,yes,bf16,bf16,fp64,public,registered,complete,planned,unsupported,unsupported,unsupported,unsupported,absent,unsupported,absent,absent,absent,tile/physical/direct_test
unpack,tessera.unpack,layout_transform,yes,fp32,fp32,fp64,public,registered,complete,fused,reference,device_verified_jit,reference,device_verified_jit,absent,device_verified_jit,absent,absent,absent,
unsqueeze,tessera.unsqueeze,layout_transform,no,bf16,bf16,fp64,public,registered,complete,planned,unsupported,legal_only,unsupported,absent,absent,absent,absent,absent,absent,tile/physical/direct_test
unsqueeze,tessera.unsqueeze,layout_transform,no,fp32,fp32,fp64,public,registered,complete,reference,reference,legal_only,reference,absent,absent,absent,absent,absent,absent,physical/direct_test
view,tessera.view,layout_transform,no,bf16,bf16,fp64,public,registered,complete,planned,unsupported,legal_only,unsupported,absent,absent,absent,absent,absent,absent,tile/physical/direct_test
view,tessera.view,layout_transform,no,fp32,fp32,fp64,public,registered,complete,reference,reference,legal_only,reference,absent,absent,absent,absent,absent,absent,physical/direct_test
cholesky,tessera.cholesky,linalg_decomposition,yes,fp32,fp32,fp64,public,registered,complete,fused,reference,device_verified_jit,reference,absent,absent,device_verified_jit,absent,absent,absent,
lu,tessera.lu,linalg_decomposition,no,fp32,fp32,fp64,public,registered,complete,fused,reference,device_verified_jit,reference,device_verified_jit,absent,device_verified_jit,absent,absent,absent,
qr,tessera.qr,linalg_decomposition,yes,fp32,fp32,fp64,public,registered,complete,fused,reference,device_verified_jit,reference,device_verified_jit,absent,device_verified_jit,absent,absent,absent,
svd,tessera.svd,linalg_decomposition,yes,fp32,fp32,fp64,public,registered,complete,fused,reference,device_verified_jit,reference,device_verified_jit,absent,device_verified_jit,absent,absent,absent,
cholesky_solve,tessera.cholesky_solve,linalg_solver,no,fp32,fp32,fp64,public,registered,complete,fused,reference,device_verified_jit,reference,device_verified_jit,absent,device_verified_jit,absent,absent,absent,
tri_solve,tessera.tri_solve,linalg_solver,yes,fp32,fp32,fp64,public,registered,complete,fused,reference,device_verified_jit,reference,absent,absent,device_verified_jit,absent,absent,absent,
bitwise_and,tessera.bitwise_and,logical,no,fp32,fp32,int32,public,registered,complete,reference,reference,unsupported,reference,absent,absent,unsupported,absent,absent,absent,physical/direct_test
bitwise_and,tessera.bitwise_and,logical,no,int32,int32,int32,public,registered,complete,fused,unsupported,device_verified_jit,unsupported,absent,absent,device_verified_jit,absent,absent,absent,
bitwise_not,tessera.bitwise_not,logical,no,fp32,fp32,int32,public,registered,complete,reference,reference,unsupported,reference,absent,absent,unsupported,absent,absent,absent,physical/direct_test
bitwise_not,tessera.bitwise_not,logical,no,int32,int32,int32,public,registered,complete,fused,unsupported,device_verified_jit,unsupported,absent,absent,device_verified_jit,absent,absent,absent,
bitwise_or,tessera.bitwise_or,logical,no,fp32,fp32,int32,public,registered,complete,reference,reference,unsupported,reference,absent,absent,unsupported,absent,absent,absent,physical/direct_test
bitwise_or,tessera.bitwise_or,logical,no,int32,int32,int32,public,registered,complete,fused,unsupported,device_verified_jit,unsupported,absent,absent,device_verified_jit,absent,absent,absent,
bitwise_xor,tessera.bitwise_xor,logical,no,fp32,fp32,int32,public,registered,complete,reference,reference,unsupported,reference,absent,absent,unsupported,absent,absent,absent,physical/direct_test
bitwise_xor,tessera.bitwise_xor,logical,no,int32,int32,int32,public,registered,complete,fused,unsupported,device_verified_jit,unsupported,absent,absent,device_verified_jit,absent,absent,absent,
logical_and,tessera.logical_and,logical,no,bool,bool,int32,public,registered,complete,fused,unsupported,device_verified_jit,unsupported,absent,absent,device_verified_jit,absent,absent,absent,
logical_and,tessera.logical_and,logical,no,fp32,fp32,int32,public,registered,complete,reference,reference,unsupported,reference,absent,absent,unsupported,absent,absent,absent,physical/direct_test
logical_and,tessera.logical_and,logical,no,int32,int32,int32,public,registered,complete,planned,unsupported,unsupported,unsupported,absent,absent,unsupported,absent,absent,absent,tile/physical/direct_test
logical_not,tessera.logical_not,logical,no,bool,bool,int32,public,registered,complete,fused,unsupported,device_verified_jit,unsupported,absent,absent,device_verified_jit,absent,absent,absent,
logical_not,tessera.logical_not,logical,no,fp32,fp32,int32,public,registered,complete,reference,reference,unsupported,reference,absent,absent,unsupported,absent,absent,absent,physical/direct_test
logical_not,tessera.logical_not,logical,no,int32,int32,int32,public,registered,complete,planned,unsupported,unsupported,unsupported,absent,absent,unsupported,absent,absent,absent,tile/physical/direct_test
logical_or,tessera.logical_or,logical,no,bool,bool,int32,public,registered,complete,fused,unsupported,device_verified_jit,unsupported,absent,absent,device_verified_jit,absent,absent,absent,
logical_or,tessera.logical_or,logical,no,fp32,fp32,int32,public,registered,complete,reference,reference,unsupported,reference,absent,absent,unsupported,absent,absent,absent,physical/direct_test
logical_or,tessera.logical_or,logical,no,int32,int32,int32,public,registered,complete,planned,unsupported,unsupported,unsupported,absent,absent,unsupported,absent,absent,absent,tile/physical/direct_test
logical_xor,tessera.logical_xor,logical,no,bool,bool,int32,public,registered,complete,fused,unsupported,device_verified_jit,unsupported,absent,absent,device_verified_jit,absent,absent,absent,
logical_xor,tessera.logical_xor,logical,no,fp32,fp32,int32,public,registered,complete,reference,reference,unsupported,reference,absent,absent,unsupported,absent,absent,absent,physical/direct_test
logical_xor,tessera.logical_xor,logical,no,int32,int32,int32,public,registered,complete,planned,unsupported,unsupported,unsupported,absent,absent,unsupported,absent,absent,absent,tile/physical/direct_test
batched_gemm,tessera.batched_gemm,loop_nest,yes,bf16,bf16,fp32,public,registered,complete,fused,reference,unsupported,unsupported,device_verified_jit,unsupported,device_verified_jit,absent,absent,absent,
batched_gemm,tessera.batched_gemm,loop_nest,yes,fp16,fp16,fp32,public,registered,complete,fused,reference,unsupported,unsupported,device_verified_jit,unsupported,device_verified_jit,absent,absent,absent,
batched_gemm,tessera.batched_gemm,loop_nest,yes,fp32,fp32,fp32,public,registered,complete,fused,reference,device_verified_jit,fused,device_verified_jit,artifact_only,unsupported,absent,absent,absent,
dequant_grouped_gemm,tessera.dequant_grouped_gemm,loop_nest,no,bf16,bf16,fp32,public,registered,complete,planned,unsupported,legal_only,unsupported,absent,absent,unsupported,absent,absent,absent,tile/physical/direct_test
dequant_grouped_gemm,tessera.dequant_grouped_gemm,loop_nest,no,fp32,fp32,fp32,public,registered,complete,fused,reference,legal_only,reference,absent,absent,device_verified_jit,absent,absent,absent,
dequant_matmul,tessera.dequant_matmul,loop_nest,no,bf16,bf16,fp32,public,registered,complete,planned,unsupported,legal_only,unsupported,unsupported,absent,unsupported,absent,absent,absent,tile/physical/direct_test
dequant_matmul,tessera.dequant_matmul,loop_nest,no,fp32,fp32,fp32,public,registered,complete,fused,reference,legal_only,reference,fused,absent,device_verified_jit,absent,absent,absent,
es_low_rank_correction,tessera.es_low_rank_correction,loop_nest,no,fp32,fp32,fp32,public,registered,complete,fused,reference,device_verified_jit,reference,absent,absent,device_verified_jit,absent,absent,absent,
factorized_matmul,tessera.factorized_matmul,loop_nest,yes,bf16,bf16,fp32,public,registered,complete,fused,unsupported,unsupported,unsupported,unsupported,unsupported,device_verified_jit,absent,absent,absent,
factorized_matmul,tessera.factorized_matmul,loop_nest,yes,fp16,fp16,fp32,public,registered,complete,fused,unsupported,unsupported,unsupported,unsupported,unsupported,device_verified_jit,absent,absent,absent,
factorized_matmul,tessera.factorized_matmul,loop_nest,yes,fp32,fp32,fp32,public,registered,complete,fused,reference,device_verified_jit,reference,device_verified_jit,artifact_only,unsupported,absent,absent,absent,
gemm,tessera.matmul,loop_nest,yes,bf16,bf16,bf16/fp32,public,registered,complete,fused,reference,fused,fused,reference,artifact_only,device_verified_abi,artifact_only,artifact_only,artifact_only,
gemm,tessera.matmul,loop_nest,yes,fp16,fp16,fp16/fp32,public,registered,complete,fused,reference,unsupported,fused,reference,artifact_only,device_verified_abi,artifact_only,artifact_only,artifact_only,
gemm,tessera.matmul,loop_nest,yes,fp32,fp32,fp32,public,registered,complete,fused,reference,fused,fused,reference,artifact_only,unsupported,legal_only,artifact_only,artifact_only,direct_test
gemm,tessera.matmul,loop_nest,yes,fp4_e2m1,fp4_e2m1,fp32,public,registered,complete,fused,unsupported,unsupported,unsupported,unsupported,artifact_only,unsupported,unsupported,planned_gated,planned_gated,direct_test
gemm,tessera.matmul,loop_nest,yes,fp64,fp64,fp64,public,registered,complete,fused,unsupported,fused,unsupported,unsupported,artifact_only,unsupported,unsupported,unsupported,planned_gated,direct_test
gemm,tessera.matmul,loop_nest,yes,fp6_e2m3,fp6_e2m3,fp32,public,registered,complete,fused,unsupported,unsupported,unsupported,unsupported,artifact_only,unsupported,unsupported,planned_gated,planned_gated,direct_test
gemm,tessera.matmul,loop_nest,yes,fp6_e3m2,fp6_e3m2,fp32,public,registered,complete,fused,unsupported,unsupported,unsupported,unsupported,artifact_only,unsupported,unsupported,planned_gated,planned_gated,direct_test
gemm,tessera.matmul,loop_nest,yes,fp8_e4m3,fp8_e4m3,fp16/fp32,public,registered,complete,fused,unsupported,unsupported,unsupported,unsupported,artifact_only,unsupported,artifact_only,artifact_only,artifact_only,direct_test
gemm,tessera.matmul,loop_nest,yes,fp8_e5m2,fp8_e5m2,fp16/fp32,public,registered,complete,fused,unsupported,unsupported,unsupported,unsupported,artifact_only,unsupported,artifact_only,artifact_only,artifact_only,direct_test
gemm,tessera.matmul,loop_nest,yes,int4,int4,int32,public,registered,complete,fused,unsupported,unsupported,unsupported,unsupported,artifact_only,unsupported,artifact_only,unsupported,unsupported,direct_test
gemm,tessera.matmul,loop_nest,yes,int8,int8,int32,public,registered,complete,fused,unsupported,fused,unsupported,unsupported,artifact_only,unsupported,artifact_only,artifact_only,artifact_only,direct_test
gemm,tessera.matmul,loop_nest,yes,nvfp4,nvfp4,fp32,public,registered,complete,fused,unsupported,unsupported,unsupported,unsupported,artifact_only,unsupported,unsupported,unsupported,unsupported,direct_test
grouped_gemm,tessera.grouped_gemm,loop_nest,no,bf16,bf16,fp32,public,registered,complete,planned,unsupported,legal_only,unsupported,unsupported,absent,absent,absent,absent,absent,tile/physical/direct_test
grouped_gemm,tessera.grouped_gemm,loop_nest,no,fp32,fp32,fp32,public,registered,complete,fused,reference,legal_only,reference,fused,absent,absent,absent,absent,absent,
latent_kv_compress,tessera.latent_kv_compress,loop_nest,no,bf16,bf16,fp32,public,registered,complete,planned,unsupported,unsupported,unsupported,unsupported,absent,absent,absent,absent,absent,tile/physical/direct_test
latent_kv_compress,tessera.latent_kv_compress,loop_nest,no,fp32,fp32,fp32,public,registered,complete,fused,reference,device_verified_jit,reference,device_verified_jit,absent,absent,absent,absent,absent,
latent_kv_expand_k,tessera.latent_kv_expand_k,loop_nest,no,bf16,bf16,fp32,public,registered,complete,planned,unsupported,unsupported,unsupported,unsupported,absent,absent,absent,absent,absent,tile/physical/direct_test
latent_kv_expand_k,tessera.latent_kv_expand_k,loop_nest,no,fp32,fp32,fp32,public,registered,complete,fused,reference,device_verified_jit,reference,device_verified_jit,absent,absent,absent,absent,absent,
latent_kv_expand_v,tessera.latent_kv_expand_v,loop_nest,no,bf16,bf16,fp32,public,registered,complete,planned,unsupported,unsupported,unsupported,unsupported,absent,absent,absent,absent,absent,tile/physical/direct_test
latent_kv_expand_v,tessera.latent_kv_expand_v,loop_nest,no,fp32,fp32,fp32,public,registered,complete,fused,reference,device_verified_jit,reference,device_verified_jit,absent,absent,absent,absent,absent,
matmul,tessera.matmul,loop_nest,yes,bf16,bf16,bf16/fp32,public,registered,complete,fused,reference,device_verified_jit,fused,fused,device_verified_abi,device_verified_abi,artifact_only,artifact_only,artifact_only,
matmul,tessera.matmul,loop_nest,yes,fp16,fp16,fp16/fp32,public,registered,complete,fused,reference,unsupported,fused,fused,device_verified_abi,device_verified_abi,artifact_only,artifact_only,artifact_only,
matmul,tessera.matmul,loop_nest,yes,fp32,fp32,fp32,public,registered,complete,fused,reference,device_verified_jit,fused,fused,device_verified_abi,unsupported,legal_only,artifact_only,artifact_only,
matmul,tessera.matmul,loop_nest,yes,fp4_e2m1,fp4_e2m1,fp32,public,registered,complete,planned,unsupported,unsupported,unsupported,unsupported,unsupported,unsupported,unsupported,planned_gated,planned_gated,tile/physical/direct_test
matmul,tessera.matmul,loop_nest,yes,fp64,fp64,fp64,public,registered,complete,fused,unsupported,device_verified_jit,unsupported,unsupported,unsupported,unsupported,unsupported,unsupported,planned_gated,
matmul,tessera.matmul,loop_nest,yes,fp6_e2m3,fp6_e2m3,fp32,public,registered,complete,planned,unsupported,unsupported,unsupported,unsupported,unsupported,unsupported,unsupported,planned_gated,planned_gated,tile/physical/direct_test
matmul,tessera.matmul,loop_nest,yes,fp6_e3m2,fp6_e3m2,fp32,public,registered,complete,planned,unsupported,unsupported,unsupported,unsupported,unsupported,unsupported,unsupported,planned_gated,planned_gated,tile/physical/direct_test
matmul,tessera.matmul,loop_nest,yes,fp8_e4m3,fp8_e4m3,fp16/fp32,public,registered,complete,fused,unsupported,unsupported,unsupported,unsupported,device_verified_abi,unsupported,artifact_only,artifact_only,artifact_only,
matmul,tessera.matmul,loop_nest,yes,fp8_e5m2,fp8_e5m2,fp16/fp32,public,registered,complete,fused,unsupported,unsupported,unsupported,unsupported,device_verified_abi,unsupported,artifact_only,artifact_only,artifact_only,
matmul,tessera.matmul,loop_nest,yes,int4,int4,int32,public,registered,complete,fused,unsupported,unsupported,unsupported,unsupported,unsupported,device_verified_abi,artifact_only,unsupported,unsupported,
matmul,tessera.matmul,loop_nest,yes,int8,int8,int32,public,registered,complete,fused,unsupported,device_verified_jit,unsupported,unsupported,unsupported,device_verified_abi,artifact_only,artifact_only,artifact_only,
matmul,tessera.matmul,loop_nest,yes,nvfp4,nvfp4,fp32,public,registered,complete,planned,unsupported,unsupported,unsupported,unsupported,unsupported,unsupported,unsupported,unsupported,unsupported,tile/physical/direct_test
moe_swiglu_block,tessera.moe_swiglu_block,loop_nest,no,bf16,bf16,fp32,public,registered,complete,planned,unsupported,legal_only,unsupported,unsupported,absent,absent,absent,absent,absent,tile/physical/direct_test
moe_swiglu_block,tessera.moe_swiglu_block,loop_nest,no,fp32,fp32,fp32,public,registered,complete,fused,reference,legal_only,reference,fused,absent,absent,absent,absent,absent,
quantized_matmul,tessera.quantized_matmul,loop_nest,no,bf16,bf16,fp32,public,registered,complete,planned,unsupported,legal_only,unsupported,unsupported,absent,absent,absent,absent,absent,tile/physical/direct_test
quantized_matmul,tessera.quantized_matmul,loop_nest,no,fp16,fp16,fp32,public,registered,complete,fused,unsupported,unsupported,unsupported,device_verified_abi,absent,absent,absent,absent,absent,
quantized_matmul,tessera.quantized_matmul,loop_nest,no,fp32,fp32,fp32,public,registered,complete,fused,reference,legal_only,reference,device_verified_abi,absent,absent,absent,absent,absent,
asymmetric_bce,tessera.loss.asymmetric_bce,loss,no,bf16,bf16,fp32,public,registered,complete,fused,unsupported,unsupported,unsupported,unsupported,absent,device_verified_jit,absent,absent,absent,
asymmetric_bce,tessera.loss.asymmetric_bce,loss,no,fp16,fp16,fp32,public,registered,complete,fused,unsupported,unsupported,unsupported,unsupported,absent,device_verified_jit,absent,absent,absent,
asymmetric_bce,tessera.loss.asymmetric_bce,loss,no,fp32,fp32,fp32,public,registered,complete,fused,reference,device_verified_jit,reference,device_verified_jit,absent,device_verified_jit,absent,absent,absent,
binary_cross_entropy_loss,tessera.loss.binary_cross_entropy,loss,no,bf16,bf16,fp32,public,registered,complete,fused,unsupported,unsupported,unsupported,unsupported,device_verified_jit,device_verified_jit,absent,absent,absent,
binary_cross_entropy_loss,tessera.loss.binary_cross_entropy,loss,no,fp16,fp16,fp32,public,registered,complete,fused,unsupported,unsupported,unsupported,unsupported,device_verified_jit,device_verified_jit,absent,absent,absent,
binary_cross_entropy_loss,tessera.loss.binary_cross_entropy,loss,no,fp32,fp32,fp32,public,registered,complete,fused,reference,device_verified_jit,reference,device_verified_jit,device_verified_jit,device_verified_jit,absent,absent,absent,
contrastive_divergence_loss,tessera.loss.contrastive_divergence,loss,no,bf16,bf16,fp32,public,registered,complete,planned,unsupported,unsupported,unsupported,unsupported,absent,unsupported,absent,absent,absent,tile/physical/direct_test
contrastive_divergence_loss,tessera.loss.contrastive_divergence,loss,no,fp32,fp32,fp32,public,registered,complete,fused,reference,device_verified_jit,reference,device_verified_jit,absent,device_verified_jit,absent,absent,absent,
cross_entropy_loss,tessera.loss.cross_entropy,loss,no,bf16,bf16,fp32,public,registered,complete,fused,unsupported,unsupported,unsupported,unsupported,device_verified_jit,unsupported,absent,absent,absent,
cross_entropy_loss,tessera.loss.cross_entropy,loss,no,fp16,fp16,fp32,public,registered,complete,fused,unsupported,unsupported,unsupported,unsupported,device_verified_jit,unsupported,absent,absent,absent,
cross_entropy_loss,tessera.loss.cross_entropy,loss,no,fp32,fp32,fp32,public,registered,complete,fused,reference,device_verified_jit,reference,device_verified_jit,device_verified_jit,device_verified_jit,absent,absent,absent,
ddpm_noise_pred_loss,tessera.loss.ddpm_noise_pred,loss,no,bf16,bf16,fp32,public,registered,complete,planned,unsupported,unsupported,unsupported,unsupported,absent,unsupported,absent,absent,absent,tile/physical/direct_test
ddpm_noise_pred_loss,tessera.loss.ddpm_noise_pred,loss,no,fp32,fp32,fp32,public,registered,complete,fused,reference,device_verified_jit,reference,device_verified_jit,absent,device_verified_jit,absent,absent,absent,
denoising_score_matching_loss,tessera.loss.denoising_score_matching,loss,no,bf16,bf16,fp32,public,registered,complete,planned,unsupported,unsupported,unsupported,unsupported,absent,unsupported,absent,absent,absent,tile/physical/direct_test
denoising_score_matching_loss,tessera.loss.denoising_score_matching,loss,no,fp32,fp32,fp32,public,registered,complete,fused,reference,device_verified_jit,reference,device_verified_jit,absent,device_verified_jit,absent,absent,absent,
huber_loss,tessera.loss.huber,loss,no,bf16,bf16,fp32,public,registered,complete,fused,unsupported,unsupported,unsupported,unsupported,device_verified_jit,device_verified_jit,absent,absent,absent,
huber_loss,tessera.loss.huber,loss,no,fp16,fp16,fp32,public,registered,complete,fused,unsupported,unsupported,unsupported,unsupported,device_verified_jit,device_verified_jit,absent,absent,absent,
huber_loss,tessera.loss.huber,loss,no,fp32,fp32,fp32,public,registered,complete,fused,reference,device_verified_jit,reference,device_verified_jit,device_verified_jit,device_verified_jit,absent,absent,absent,
implicit_score_matching_loss,tessera.loss.implicit_score_matching,loss,no,bf16,bf16,fp32,public,registered,complete,planned,unsupported,unsupported,unsupported,unsupported,absent,unsupported,absent,absent,absent,tile/physical/direct_test
implicit_score_matching_loss,tessera.loss.implicit_score_matching,loss,no,fp32,fp32,fp32,public,registered,complete,fused,reference,device_verified_jit,reference,device_verified_jit,absent,device_verified_jit,absent,absent,absent,
js_divergence,tessera.loss.js_divergence,loss,no,bf16,bf16,fp32,public,registered,complete,fused,unsupported,unsupported,unsupported,unsupported,device_verified_jit,unsupported,absent,absent,absent,
js_divergence,tessera.loss.js_divergence,loss,no,fp16,fp16,fp32,public,registered,complete,fused,unsupported,unsupported,unsupported,unsupported,device_verified_jit,unsupported,absent,absent,absent,
js_divergence,tessera.loss.js_divergence,loss,no,fp32,fp32,fp32,public,registered,complete,fused,reference,device_verified_jit,reference,device_verified_jit,device_verified_jit,device_verified_jit,absent,absent,absent,
kl_divergence,tessera.loss.kl_divergence,loss,no,bf16,bf16,fp32,public,registered,complete,fused,unsupported,unsupported,unsupported,unsupported,device_verified_jit,unsupported,absent,absent,absent,
kl_divergence,tessera.loss.kl_divergence,loss,no,fp16,fp16,fp32,public,registered,complete,fused,unsupported,unsupported,unsupported,unsupported,device_verified_jit,unsupported,absent,absent,absent,
kl_divergence,tessera.loss.kl_divergence,loss,no,fp32,fp32,fp32,public,registered,complete,fused,reference,device_verified_jit,reference,device_verified_jit,device_verified_jit,device_verified_jit,absent,absent,absent,
label_smoothed_cross_entropy,tessera.loss.cross_entropy,loss,no,bf16,bf16,fp32,public,registered,complete,fused,unsupported,unsupported,unsupported,absent,device_verified_jit,unsupported,absent,absent,absent,
label_smoothed_cross_entropy,tessera.loss.cross_entropy,loss,no,fp16,fp16,fp32,public,registered,complete,fused,unsupported,unsupported,unsupported,absent,device_verified_jit,unsupported,absent,absent,absent,
label_smoothed_cross_entropy,tessera.loss.cross_entropy,loss,no,fp32,fp32,fp32,public,registered,complete,fused,reference,device_verified_jit,reference,absent,device_verified_jit,device_verified_jit,absent,absent,absent,
load_balance_loss,tessera.loss.load_balance_loss,loss,no,bf16,bf16,fp32,public,registered,complete,planned,unsupported,unsupported,unsupported,unsupported,absent,unsupported,absent,absent,absent,tile/physical/direct_test
load_balance_loss,tessera.loss.load_balance_loss,loss,no,fp32,fp32,fp32,public,registered,complete,fused,reference,device_verified_jit,reference,device_verified_jit,absent,device_verified_jit,absent,absent,absent,
log_cosh_loss,tessera.loss.log_cosh,loss,no,bf16,bf16,fp32,public,registered,complete,fused,unsupported,unsupported,unsupported,unsupported,absent,device_verified_jit,absent,absent,absent,
log_cosh_loss,tessera.loss.log_cosh,loss,no,fp16,fp16,fp32,public,registered,complete,fused,unsupported,unsupported,unsupported,unsupported,absent,device_verified_jit,absent,absent,absent,
log_cosh_loss,tessera.loss.log_cosh,loss,no,fp32,fp32,fp32,public,registered,complete,fused,reference,device_verified_jit,reference,device_verified_jit,absent,device_verified_jit,absent,absent,absent,
mae_loss,tessera.loss.mae,loss,no,bf16,bf16,fp32,public,registered,complete,fused,unsupported,unsupported,unsupported,unsupported,device_verified_jit,device_verified_jit,absent,absent,absent,
mae_loss,tessera.loss.mae,loss,no,fp16,fp16,fp32,public,registered,complete,fused,unsupported,unsupported,unsupported,unsupported,device_verified_jit,device_verified_jit,absent,absent,absent,
mae_loss,tessera.loss.mae,loss,no,fp32,fp32,fp32,public,registered,complete,fused,reference,device_verified_jit,reference,device_verified_jit,device_verified_jit,device_verified_jit,absent,absent,absent,
mse_loss,tessera.loss.mse,loss,no,bf16,bf16,fp32,public,registered,complete,fused,unsupported,unsupported,unsupported,unsupported,device_verified_jit,device_verified_jit,absent,absent,absent,
mse_loss,tessera.loss.mse,loss,no,fp16,fp16,fp32,public,registered,complete,fused,unsupported,unsupported,unsupported,unsupported,device_verified_jit,device_verified_jit,absent,absent,absent,
mse_loss,tessera.loss.mse,loss,no,fp32,fp32,fp32,public,registered,complete,fused,reference,device_verified_jit,reference,device_verified_jit,device_verified_jit,device_verified_jit,absent,absent,absent,
persistent_cd_loss,tessera.loss.persistent_cd,loss,no,bf16,bf16,fp32,public,registered,complete,planned,unsupported,unsupported,unsupported,unsupported,absent,unsupported,absent,absent,absent,tile/physical/direct_test
persistent_cd_loss,tessera.loss.persistent_cd,loss,no,fp32,fp32,fp32,public,registered,complete,fused,reference,device_verified_jit,reference,device_verified_jit,absent,device_verified_jit,absent,absent,absent,
score_matching_loss,tessera.loss.score_matching,loss,no,bf16,bf16,fp32,public,registered,complete,planned,unsupported,unsupported,unsupported,unsupported,absent,unsupported,absent,absent,absent,tile/physical/direct_test
score_matching_loss,tessera.loss.score_matching,loss,no,fp32,fp32,fp32,public,registered,complete,fused,reference,device_verified_jit,reference,device_verified_jit,absent,device_verified_jit,absent,absent,absent,
smooth_l1_loss,tessera.loss.smooth_l1,loss,no,bf16,bf16,fp32,public,registered,complete,fused,unsupported,unsupported,unsupported,unsupported,device_verified_jit,device_verified_jit,absent,absent,absent,
smooth_l1_loss,tessera.loss.smooth_l1,loss,no,fp16,fp16,fp32,public,registered,complete,fused,unsupported,unsupported,unsupported,unsupported,device_verified_jit,device_verified_jit,absent,absent,absent,
smooth_l1_loss,tessera.loss.smooth_l1,loss,no,fp32,fp32,fp32,public,registered,complete,fused,reference,device_verified_jit,reference,device_verified_jit,device_verified_jit,device_verified_jit,absent,absent,absent,
vlb_loss,tessera.loss.vlb,loss,no,bf16,bf16,fp32,public,registered,complete,planned,unsupported,unsupported,unsupported,unsupported,absent,unsupported,absent,absent,absent,tile/physical/direct_test
vlb_loss,tessera.loss.vlb,loss,no,fp32,fp32,fp32,public,registered,complete,fused,reference,device_verified_jit,reference,device_verified_jit,absent,device_verified_jit,absent,absent,absent,
z_loss,tessera.loss.z_loss,loss,no,bf16,bf16,fp32,public,registered,complete,planned,unsupported,unsupported,unsupported,unsupported,absent,unsupported,absent,absent,absent,tile/physical/direct_test
z_loss,tessera.loss.z_loss,loss,no,fp32,fp32,fp32,public,registered,complete,fused,reference,device_verified_jit,reference,device_verified_jit,absent,device_verified_jit,absent,absent,absent,
linear_general,tessera.linear_general,model_layer,no,bf16,bf16,fp32,public,registered,complete,fused,unsupported,unsupported,unsupported,absent,unsupported,device_verified_jit,absent,absent,absent,
linear_general,tessera.linear_general,model_layer,no,fp16,fp16,fp32,public,registered,complete,fused,unsupported,unsupported,unsupported,absent,unsupported,device_verified_jit,absent,absent,absent,
linear_general,tessera.linear_general,model_layer,no,fp32,fp32,fp32,public,registered,complete,fused,reference,device_verified_jit,reference,absent,artifact_only,unsupported,absent,absent,absent,
moe,tessera.moe,moe,yes,bf16,bf16,fp32,public,registered,complete,planned,unsupported,unsupported,unsupported,unsupported,absent,unsupported,absent,absent,absent,tile/physical/direct_test
moe,tessera.moe,moe,yes,fp32,fp32,fp32,public,registered,complete,fused,reference,device_verified_jit,reference,device_verified_jit,absent,device_verified_jit,absent,absent,absent,
moe_combine,tessera.moe_combine,moe_transport,yes,bf16,bf16,fp32,public,registered,complete,planned,unsupported,legal_only,unsupported,unsupported,absent,absent,absent,absent,absent,tile/physical/direct_test
moe_combine,tessera.moe_combine,moe_transport,yes,fp32,fp32,fp32,public,registered,complete,fused,reference,legal_only,reference,device_verified_jit,absent,absent,absent,absent,absent,
moe_dispatch,tessera.moe_dispatch,moe_transport,yes,bf16,bf16,fp32,public,registered,complete,planned,unsupported,legal_only,unsupported,unsupported,absent,absent,absent,absent,absent,tile/physical/direct_test
moe_dispatch,tessera.moe_dispatch,moe_transport,yes,fp32,fp32,fp32,public,registered,complete,fused,reference,legal_only,reference,device_verified_jit,absent,absent,absent,absent,absent,
entmax15,tessera.entmax15,normalization,no,bf16,bf16,fp32,public,registered,complete,planned,unsupported,legal_only,unsupported,absent,absent,absent,absent,absent,absent,tile/physical/direct_test
entmax15,tessera.entmax15,normalization,no,fp32,fp32,fp32,public,registered,complete,reference,reference,legal_only,reference,absent,absent,absent,absent,absent,absent,physical/direct_test
group_norm,tessera.group_norm,normalization,no,bf16,bf16,fp32,public,registered,complete,planned,unsupported,unsupported,unsupported,absent,absent,unsupported,absent,absent,absent,tile/physical/direct_test
group_norm,tessera.group_norm,normalization,no,fp32,fp32,fp32,public,registered,complete,fused,reference,device_verified_jit,reference,absent,absent,device_verified_jit,absent,absent,absent,
gumbel_softmax,tessera.gumbel_softmax,normalization,no,bf16,bf16,fp32,public,registered,complete,planned,unsupported,legal_only,unsupported,absent,absent,absent,absent,absent,absent,tile/physical/direct_test
gumbel_softmax,tessera.gumbel_softmax,normalization,no,fp32,fp32,fp32,public,registered,complete,reference,reference,legal_only,reference,absent,absent,absent,absent,absent,absent,physical/direct_test
instance_norm,tessera.instance_norm,normalization,no,bf16,bf16,fp32,public,registered,complete,planned,unsupported,unsupported,unsupported,absent,absent,unsupported,absent,absent,absent,tile/physical/direct_test
instance_norm,tessera.instance_norm,normalization,no,fp32,fp32,fp32,public,registered,complete,fused,reference,device_verified_jit,reference,absent,absent,device_verified_jit,absent,absent,absent,
layer_norm,tessera.layer_norm,normalization,yes,bf16,bf16,fp32,public,registered,complete,fused,unsupported,unsupported,unsupported,device_verified_abi,device_verified_jit,device_verified_jit,absent,absent,absent,
layer_norm,tessera.layer_norm,normalization,yes,fp16,fp16,fp32,public,registered,complete,fused,unsupported,unsupported,unsupported,device_verified_abi,device_verified_jit,device_verified_jit,absent,absent,absent,
layer_norm,tessera.layer_norm,normalization,yes,fp32,fp32,fp32,public,registered,complete,fused,reference,device_verified_jit,reference,device_verified_abi,device_verified_jit,device_verified_jit,absent,absent,absent,
perturbed_argmax,tessera.perturbed_argmax,normalization,no,bf16,bf16,fp32,public,registered,complete,planned,unsupported,legal_only,unsupported,absent,absent,absent,absent,absent,absent,tile/physical/direct_test
perturbed_argmax,tessera.perturbed_argmax,normalization,no,fp32,fp32,fp32,public,registered,complete,reference,reference,legal_only,reference,absent,absent,absent,absent,absent,absent,physical/direct_test
rmsnorm,tessera.rmsnorm,normalization,yes,bf16,bf16,fp32,public,registered,complete,fused,unsupported,unsupported,unsupported,device_verified_abi,device_verified_jit,device_verified_jit,absent,absent,absent,
rmsnorm,tessera.rmsnorm,normalization,yes,fp16,fp16,fp32,public,registered,complete,fused,unsupported,unsupported,unsupported,device_verified_abi,device_verified_jit,device_verified_jit,absent,absent,absent,
rmsnorm,tessera.rmsnorm,normalization,yes,fp32,fp32,fp32,public,registered,complete,fused,reference,device_verified_jit,reference,device_verified_abi,device_verified_jit,device_verified_jit,absent,absent,absent,
rmsnorm_safe,tessera.rmsnorm_safe,normalization,no,bf16,bf16,fp32,public,registered,complete,fused,unsupported,unsupported,unsupported,absent,device_verified_jit,device_verified_jit,absent,absent,absent,
rmsnorm_safe,tessera.rmsnorm_safe,normalization,no,fp16,fp16,fp32,public,registered,complete,fused,unsupported,unsupported,unsupported,absent,device_verified_jit,device_verified_jit,absent,absent,absent,
rmsnorm_safe,tessera.rmsnorm_safe,normalization,no,fp32,fp32,fp32,public,registered,complete,fused,reference,device_verified_jit,reference,absent,device_verified_jit,device_verified_jit,absent,absent,absent,
soft_top_k,tessera.soft_top_k,normalization,no,bf16,bf16,fp32,public,registered,complete,planned,unsupported,legal_only,unsupported,absent,absent,absent,absent,absent,absent,tile/physical/direct_test
soft_top_k,tessera.soft_top_k,normalization,no,fp32,fp32,fp32,public,registered,complete,reference,reference,legal_only,reference,absent,absent,absent,absent,absent,absent,physical/direct_test
sparsemax,tessera.sparsemax,normalization,no,bf16,bf16,fp32,public,registered,complete,planned,unsupported,legal_only,unsupported,absent,absent,absent,absent,absent,absent,tile/physical/direct_test
sparsemax,tessera.sparsemax,normalization,no,fp32,fp32,fp32,public,registered,complete,reference,reference,legal_only,reference,absent,absent,absent,absent,absent,absent,physical/direct_test
weight_norm,tessera.weight_norm,normalization,no,bf16,bf16,fp32,public,registered,complete,planned,unsupported,unsupported,unsupported,absent,absent,unsupported,absent,absent,absent,tile/physical/direct_test
weight_norm,tessera.weight_norm,normalization,no,fp32,fp32,fp32,public,registered,complete,fused,reference,device_verified_jit,reference,absent,absent,device_verified_jit,absent,absent,absent,
abs,tessera.absolute,numeric_helper,no,bf16,bf16,fp32,public,registered,complete,fused,unsupported,unsupported,unsupported,absent,absent,device_verified_jit,absent,absent,absent,
abs,tessera.absolute,numeric_helper,no,fp16,fp16,fp32,public,registered,complete,fused,unsupported,unsupported,unsupported,absent,absent,device_verified_jit,absent,absent,absent,
abs,tessera.absolute,numeric_helper,no,fp32,fp32,fp32,public,registered,complete,fused,reference,device_verified_jit,reference,absent,absent,device_verified_jit,absent,absent,absent,
absolute,tessera.absolute,numeric_helper,no,bf16,bf16,fp32,public,registered,complete,fused,unsupported,unsupported,unsupported,absent,absent,device_verified_jit,absent,absent,absent,
absolute,tessera.absolute,numeric_helper,no,fp16,fp16,fp32,public,registered,complete,fused,unsupported,unsupported,unsupported,absent,absent,device_verified_jit,absent,absent,absent,
absolute,tessera.absolute,numeric_helper,no,fp32,fp32,fp32,public,registered,complete,fused,reference,device_verified_jit,reference,absent,absent,device_verified_jit,absent,absent,absent,
ceil,tessera.ceil,numeric_helper,no,bf16,bf16,fp32,public,registered,complete,fused,unsupported,unsupported,unsupported,absent,absent,device_verified_jit,absent,absent,absent,
ceil,tessera.ceil,numeric_helper,no,fp16,fp16,fp32,public,registered,complete,fused,unsupported,unsupported,unsupported,absent,absent,device_verified_jit,absent,absent,absent,
ceil,tessera.ceil,numeric_helper,no,fp32,fp32,fp32,public,registered,complete,fused,reference,device_verified_jit,reference,absent,absent,device_verified_jit,absent,absent,absent,
clamp,tessera.clamp,numeric_helper,no,bf16,bf16,fp32,public,registered,complete,planned,unsupported,unsupported,unsupported,absent,absent,unsupported,absent,absent,absent,tile/physical/direct_test
clamp,tessera.clamp,numeric_helper,no,fp32,fp32,fp32,public,registered,complete,fused,reference,device_verified_jit,reference,absent,absent,device_verified_jit,absent,absent,absent,
floor,tessera.floor,numeric_helper,no,bf16,bf16,fp32,public,registered,complete,fused,unsupported,unsupported,unsupported,absent,absent,device_verified_jit,absent,absent,absent,
floor,tessera.floor,numeric_helper,no,fp16,fp16,fp32,public,registered,complete,fused,unsupported,unsupported,unsupported,absent,absent,device_verified_jit,absent,absent,absent,
floor,tessera.floor,numeric_helper,no,fp32,fp32,fp32,public,registered,complete,fused,reference,device_verified_jit,reference,absent,absent,device_verified_jit,absent,absent,absent,
isfinite,tessera.isfinite,numeric_helper,no,bf16,bf16,fp32,public,registered,complete,planned,unsupported,unsupported,unsupported,absent,absent,unsupported,absent,absent,absent,tile/physical/direct_test
isfinite,tessera.isfinite,numeric_helper,no,fp32,fp32,fp32,public,registered,complete,fused,reference,device_verified_jit,reference,absent,absent,device_verified_jit,absent,absent,absent,
isinf,tessera.isinf,numeric_helper,no,bf16,bf16,fp32,public,registered,complete,planned,unsupported,unsupported,unsupported,absent,absent,unsupported,absent,absent,absent,tile/physical/direct_test
isinf,tessera.isinf,numeric_helper,no,fp32,fp32,fp32,public,registered,complete,fused,reference,device_verified_jit,reference,absent,absent,device_verified_jit,absent,absent,absent,
isnan,tessera.isnan,numeric_helper,no,bf16,bf16,fp32,public,registered,complete,planned,unsupported,unsupported,unsupported,absent,absent,unsupported,absent,absent,absent,tile/physical/direct_test
isnan,tessera.isnan,numeric_helper,no,fp32,fp32,fp32,public,registered,complete,fused,reference,device_verified_jit,reference,absent,absent,device_verified_jit,absent,absent,absent,
maximum,tessera.maximum,numeric_helper,no,bf16,bf16,fp32,public,registered,complete,fused,unsupported,unsupported,unsupported,absent,absent,device_verified_jit,absent,absent,absent,
maximum,tessera.maximum,numeric_helper,no,fp16,fp16,fp32,public,registered,complete,fused,unsupported,unsupported,unsupported,absent,absent,device_verified_jit,absent,absent,absent,
maximum,tessera.maximum,numeric_helper,no,fp32,fp32,fp32,public,registered,complete,fused,reference,device_verified_jit,reference,absent,absent,device_verified_jit,absent,absent,absent,
minimum,tessera.minimum,numeric_helper,no,bf16,bf16,fp32,public,registered,complete,fused,unsupported,unsupported,unsupported,absent,absent,device_verified_jit,absent,absent,absent,
minimum,tessera.minimum,numeric_helper,no,fp16,fp16,fp32,public,registered,complete,fused,unsupported,unsupported,unsupported,absent,absent,device_verified_jit,absent,absent,absent,
minimum,tessera.minimum,numeric_helper,no,fp32,fp32,fp32,public,registered,complete,fused,reference,device_verified_jit,reference,absent,absent,device_verified_jit,absent,absent,absent,
reciprocal,tessera.reciprocal,numeric_helper,no,bf16,bf16,fp32,public,registered,complete,fused,unsupported,unsupported,unsupported,absent,absent,device_verified_jit,absent,absent,absent,
reciprocal,tessera.reciprocal,numeric_helper,no,fp16,fp16,fp32,public,registered,complete,fused,unsupported,unsupported,unsupported,absent,absent,device_verified_jit,absent,absent,absent,
reciprocal,tessera.reciprocal,numeric_helper,no,fp32,fp32,fp32,public,registered,complete,fused,reference,device_verified_jit,reference,absent,absent,device_verified_jit,absent,absent,absent,
round,tessera.round,numeric_helper,no,bf16,bf16,fp32,public,registered,complete,fused,unsupported,unsupported,unsupported,absent,absent,device_verified_jit,absent,absent,absent,
round,tessera.round,numeric_helper,no,fp16,fp16,fp32,public,registered,complete,fused,unsupported,unsupported,unsupported,absent,absent,device_verified_jit,absent,absent,absent,
round,tessera.round,numeric_helper,no,fp32,fp32,fp32,public,registered,complete,fused,reference,device_verified_jit,reference,absent,absent,device_verified_jit,absent,absent,absent,
sign,tessera.sign,numeric_helper,no,bf16,bf16,fp32,public,registered,complete,fused,unsupported,unsupported,unsupported,absent,absent,device_verified_jit,absent,absent,absent,
sign,tessera.sign,numeric_helper,no,fp16,fp16,fp32,public,registered,complete,fused,unsupported,unsupported,unsupported,absent,absent,device_verified_jit,absent,absent,absent,
sign,tessera.sign,numeric_helper,no,fp32,fp32,fp32,public,registered,complete,fused,reference,device_verified_jit,reference,absent,absent,device_verified_jit,absent,absent,absent,
trunc,tessera.trunc,numeric_helper,no,bf16,bf16,fp32,public,registered,complete,fused,unsupported,unsupported,unsupported,absent,absent,device_verified_jit,absent,absent,absent,
trunc,tessera.trunc,numeric_helper,no,fp16,fp16,fp32,public,registered,complete,fused,unsupported,unsupported,unsupported,absent,absent,device_verified_jit,absent,absent,absent,
trunc,tessera.trunc,numeric_helper,no,fp32,fp32,fp32,public,registered,complete,fused,reference,device_verified_jit,reference,absent,absent,device_verified_jit,absent,absent,absent,
where,tessera.where,numeric_helper,no,bf16,bf16,fp32,public,registered,complete,fused,unsupported,unsupported,unsupported,absent,absent,device_verified_jit,absent,absent,absent,
where,tessera.where,numeric_helper,no,bool,bool,fp32,public,registered,complete,planned,unsupported,unsupported,unsupported,absent,absent,unsupported,absent,absent,absent,tile/physical/direct_test
where,tessera.where,numeric_helper,no,fp16,fp16,fp32,public,registered,complete,fused,unsupported,unsupported,unsupported,absent,absent,device_verified_jit,absent,absent,absent,
where,tessera.where,numeric_helper,no,fp32,fp32,fp32,public,registered,complete,fused,reference,device_verified_jit,reference,absent,absent,device_verified_jit,absent,absent,absent,
training.loss_adamw,tessera.training.loss_adamw,optimizer,no,bf16,bf16,fp32,public,registered,complete,fused,unsupported,unsupported,unsupported,absent,device_verified_jit,device_verified_jit,absent,absent,absent,
training.loss_adamw,tessera.training.loss_adamw,optimizer,no,fp16,fp16,fp32,public,registered,complete,fused,unsupported,unsupported,unsupported,absent,device_verified_jit,device_verified_jit,absent,absent,absent,
training.loss_adamw,tessera.training.loss_adamw,optimizer,no,fp32,fp32,fp32,public,registered,complete,fused,reference,device_verified_jit,reference,absent,device_verified_jit,device_verified_jit,absent,absent,absent,
training.loss_sgd,tessera.training.loss_sgd,optimizer,no,bf16,bf16,fp32,public,registered,complete,fused,unsupported,unsupported,unsupported,absent,device_verified_jit,device_verified_jit,absent,absent,absent,
training.loss_sgd,tessera.training.loss_sgd,optimizer,no,fp16,fp16,fp32,public,registered,complete,fused,unsupported,unsupported,unsupported,absent,device_verified_jit,device_verified_jit,absent,absent,absent,
training.loss_sgd,tessera.training.loss_sgd,optimizer,no,fp32,fp32,fp32,public,registered,complete,fused,reference,device_verified_jit,reference,absent,device_verified_jit,device_verified_jit,absent,absent,absent,
alibi,tessera.alibi,position_encoding,no,bf16,bf16,fp32,public,registered,complete,fused,unsupported,unsupported,unsupported,unsupported,unsupported,device_verified_jit,absent,absent,absent,
alibi,tessera.alibi,position_encoding,no,fp16,fp16,fp32,public,registered,complete,fused,unsupported,unsupported,unsupported,unsupported,unsupported,device_verified_jit,absent,absent,absent,
alibi,tessera.alibi,position_encoding,no,fp32,fp32,fp32,public,registered,complete,fused,reference,device_verified_jit,reference,device_verified_jit,artifact_only,device_verified_jit,absent,absent,absent,
ntk_rope,tessera.ntk_rope,position_encoding,no,bf16,bf16,fp32,public,registered,complete,planned,unsupported,legal_only,unsupported,absent,absent,absent,absent,absent,absent,tile/physical/direct_test
ntk_rope,tessera.ntk_rope,position_encoding,no,fp32,fp32,fp32,public,registered,complete,reference,reference,legal_only,reference,absent,absent,absent,absent,absent,absent,physical/direct_test
qkv_projection,tessera.qkv_projection,projection,yes,bf16,bf16,fp32,public,registered,complete,fused,unsupported,unsupported,unsupported,absent,unsupported,device_verified_jit,absent,absent,absent,
qkv_projection,tessera.qkv_projection,projection,yes,fp16,fp16,fp32,public,registered,complete,fused,unsupported,unsupported,unsupported,absent,unsupported,device_verified_jit,absent,absent,absent,
qkv_projection,tessera.qkv_projection,projection,yes,fp32,fp32,fp32,public,registered,complete,fused,reference,device_verified_jit,reference,absent,artifact_only,unsupported,absent,absent,absent,
dequantize_fp4,tessera.dequantize_fp4,quantize,no,fp32,fp32,fp32,public,registered,complete,fused,reference,device_verified_jit,reference,absent,absent,device_verified_jit,absent,absent,absent,
dequantize_fp4,tessera.dequantize_fp4,quantize,no,fp4_e2m1,fp4_e2m1,fp32,public,registered,complete,planned,unsupported,unsupported,unsupported,absent,absent,unsupported,absent,absent,absent,tile/physical/direct_test
dequantize_fp6,tessera.dequantize_fp6,quantize,no,fp32,fp32,fp32,public,registered,complete,fused,reference,device_verified_jit,reference,absent,absent,device_verified_jit,absent,absent,absent,
dequantize_fp6,tessera.dequantize_fp6,quantize,no,fp6_e2m3,fp6_e2m3,fp32,public,registered,complete,planned,unsupported,unsupported,unsupported,absent,absent,unsupported,absent,absent,absent,tile/physical/direct_test
dequantize_fp8,tessera.dequantize_fp8,quantize,no,fp32,fp32,fp32,public,registered,complete,fused,reference,device_verified_jit,reference,absent,absent,device_verified_jit,absent,absent,absent,
dequantize_fp8,tessera.dequantize_fp8,quantize,no,fp8_e4m3,fp8_e4m3,fp32,public,registered,complete,planned,unsupported,unsupported,unsupported,absent,absent,unsupported,absent,absent,absent,tile/physical/direct_test
dequantize_nvfp4,tessera.dequantize_nvfp4,quantize,no,fp32,fp32,fp32,public,registered,complete,fused,reference,device_verified_jit,reference,absent,absent,device_verified_jit,absent,absent,absent,
dequantize_nvfp4,tessera.dequantize_nvfp4,quantize,no,nvfp4,nvfp4,fp32,public,registered,complete,planned,unsupported,unsupported,unsupported,absent,absent,unsupported,absent,absent,absent,tile/physical/direct_test
quantize_fp4,tessera.quantize_fp4,quantize,no,fp32,fp32,fp32,public,registered,complete,fused,reference,device_verified_jit,reference,absent,absent,device_verified_jit,absent,absent,absent,
quantize_fp4,tessera.quantize_fp4,quantize,no,fp4_e2m1,fp4_e2m1,fp32,public,registered,complete,planned,unsupported,unsupported,unsupported,absent,absent,unsupported,absent,absent,absent,tile/physical/direct_test
quantize_fp6,tessera.quantize_fp6,quantize,no,fp32,fp32,fp32,public,registered,complete,fused,reference,device_verified_jit,reference,absent,absent,device_verified_jit,absent,absent,absent,
quantize_fp6,tessera.quantize_fp6,quantize,no,fp6_e2m3,fp6_e2m3,fp32,public,registered,complete,planned,unsupported,unsupported,unsupported,absent,absent,unsupported,absent,absent,absent,tile/physical/direct_test
quantize_fp8,tessera.quantize_fp8,quantize,no,fp32,fp32,fp32,public,registered,complete,fused,reference,device_verified_jit,reference,absent,absent,device_verified_jit,absent,absent,absent,
quantize_fp8,tessera.quantize_fp8,quantize,no,fp8_e4m3,fp8_e4m3,fp32,public,registered,complete,planned,unsupported,unsupported,unsupported,absent,absent,unsupported,absent,absent,absent,tile/physical/direct_test
quantize_nvfp4,tessera.quantize_nvfp4,quantize,no,fp32,fp32,fp32,public,registered,complete,fused,reference,device_verified_jit,reference,absent,absent,device_verified_jit,absent,absent,absent,
quantize_nvfp4,tessera.quantize_nvfp4,quantize,no,nvfp4,nvfp4,fp32,public,registered,complete,planned,unsupported,unsupported,unsupported,absent,absent,unsupported,absent,absent,absent,tile/physical/direct_test
dropout,tessera.dropout,random_mask,yes,bf16,bf16,fp32,public,registered,complete,planned,unsupported,unsupported,unsupported,unsupported,absent,unsupported,absent,absent,absent,tile/physical/direct_test
dropout,tessera.dropout,random_mask,yes,fp32,fp32,fp32,public,registered,complete,fused,reference,device_verified_jit,reference,device_verified_jit,absent,device_verified_jit,absent,absent,absent,
rng_normal,tessera.rng_normal,random_source,yes,bf16,bf16,fp32,public,registered,complete,planned,unsupported,unsupported,unsupported,unsupported,absent,unsupported,absent,absent,absent,tile/physical/direct_test
rng_normal,tessera.rng_normal,random_source,yes,fp32,fp32,fp32,public,registered,complete,fused,reference,device_verified_jit,reference,device_verified_jit,absent,device_verified_jit,absent,absent,absent,
rng_philox_normal,tessera.rng_philox_normal,random_source,yes,bf16,bf16,fp32,public,registered,complete,planned,unsupported,unsupported,unsupported,absent,absent,unsupported,absent,absent,absent,tile/physical/direct_test
rng_philox_normal,tessera.rng_philox_normal,random_source,yes,fp32,fp32,fp32,public,registered,complete,fused,reference,device_verified_jit,reference,absent,absent,device_verified_jit,absent,absent,absent,
rng_philox_uniform,tessera.rng_philox_uniform,random_source,yes,bf16,bf16,fp32,public,registered,complete,planned,unsupported,unsupported,unsupported,absent,absent,unsupported,absent,absent,absent,tile/physical/direct_test
rng_philox_uniform,tessera.rng_philox_uniform,random_source,yes,fp32,fp32,fp32,public,registered,complete,fused,reference,device_verified_jit,reference,absent,absent,device_verified_jit,absent,absent,absent,
rng_uniform,tessera.rng_uniform,random_source,yes,bf16,bf16,fp32,public,registered,complete,planned,unsupported,unsupported,unsupported,unsupported,absent,unsupported,absent,absent,absent,tile/physical/direct_test
rng_uniform,tessera.rng_uniform,random_source,yes,fp32,fp32,fp32,public,registered,complete,fused,reference,device_verified_jit,reference,device_verified_jit,absent,device_verified_jit,absent,absent,absent,
amax,tessera.amax,reduction,no,bf16,bf16,fp32,public,registered,complete,fused,unsupported,unsupported,unsupported,absent,device_verified_jit,device_verified_jit,absent,absent,absent,
amax,tessera.amax,reduction,no,fp16,fp16,fp32,public,registered,complete,fused,unsupported,unsupported,unsupported,absent,device_verified_jit,device_verified_jit,absent,absent,absent,
amax,tessera.amax,reduction,no,fp32,fp32,fp32,public,registered,complete,fused,reference,device_verified_jit,reference,absent,device_verified_jit,device_verified_jit,absent,absent,absent,
amin,tessera.amin,reduction,no,bf16,bf16,fp32,public,registered,complete,fused,unsupported,unsupported,unsupported,absent,device_verified_jit,device_verified_jit,absent,absent,absent,
amin,tessera.amin,reduction,no,fp16,fp16,fp32,public,registered,complete,fused,unsupported,unsupported,unsupported,absent,device_verified_jit,device_verified_jit,absent,absent,absent,
amin,tessera.amin,reduction,no,fp32,fp32,fp32,public,registered,complete,fused,reference,device_verified_jit,reference,absent,device_verified_jit,device_verified_jit,absent,absent,absent,
argmax,tessera.argmax,reduction,no,bf16,bf16,fp32,public,registered,complete,fused,unsupported,unsupported,unsupported,absent,absent,device_verified_jit,absent,absent,absent,
argmax,tessera.argmax,reduction,no,fp16,fp16,fp32,public,registered,complete,fused,unsupported,unsupported,unsupported,absent,absent,device_verified_jit,absent,absent,absent,
argmax,tessera.argmax,reduction,no,fp32,fp32,fp32,public,registered,complete,fused,reference,device_verified_jit,reference,absent,absent,device_verified_jit,absent,absent,absent,
argmin,tessera.argmin,reduction,no,bf16,bf16,fp32,public,registered,complete,fused,unsupported,unsupported,unsupported,absent,absent,device_verified_jit,absent,absent,absent,
argmin,tessera.argmin,reduction,no,fp16,fp16,fp32,public,registered,complete,fused,unsupported,unsupported,unsupported,absent,absent,device_verified_jit,absent,absent,absent,
argmin,tessera.argmin,reduction,no,fp32,fp32,fp32,public,registered,complete,fused,reference,device_verified_jit,reference,absent,absent,device_verified_jit,absent,absent,absent,
count_nonzero,tessera.count_nonzero,reduction,no,bf16,bf16,fp32,public,registered,complete,planned,unsupported,unsupported,unsupported,absent,absent,unsupported,absent,absent,absent,tile/physical/direct_test
count_nonzero,tessera.count_nonzero,reduction,no,fp32,fp32,fp32,public,registered,complete,fused,reference,device_verified_jit,reference,absent,absent,device_verified_jit,absent,absent,absent,
cummax,tessera.cummax,reduction,no,bf16,bf16,fp32,public,registered,complete,fused,unsupported,unsupported,unsupported,absent,absent,device_verified_jit,absent,absent,absent,
cummax,tessera.cummax,reduction,no,fp16,fp16,fp32,public,registered,complete,fused,unsupported,unsupported,unsupported,absent,absent,device_verified_jit,absent,absent,absent,
cummax,tessera.cummax,reduction,no,fp32,fp32,fp32,public,registered,complete,fused,reference,device_verified_jit,reference,absent,absent,device_verified_jit,absent,absent,absent,
cummin,tessera.cummin,reduction,no,bf16,bf16,fp32,public,registered,complete,fused,unsupported,unsupported,unsupported,absent,absent,device_verified_jit,absent,absent,absent,
cummin,tessera.cummin,reduction,no,fp16,fp16,fp32,public,registered,complete,fused,unsupported,unsupported,unsupported,absent,absent,device_verified_jit,absent,absent,absent,
cummin,tessera.cummin,reduction,no,fp32,fp32,fp32,public,registered,complete,fused,reference,device_verified_jit,reference,absent,absent,device_verified_jit,absent,absent,absent,
cumprod,tessera.cumprod,reduction,no,bf16,bf16,fp32,public,registered,complete,fused,unsupported,unsupported,unsupported,absent,absent,device_verified_jit,absent,absent,absent,
cumprod,tessera.cumprod,reduction,no,fp16,fp16,fp32,public,registered,complete,fused,unsupported,unsupported,unsupported,absent,absent,device_verified_jit,absent,absent,absent,
cumprod,tessera.cumprod,reduction,no,fp32,fp32,fp32,public,registered,complete,fused,reference,device_verified_jit,reference,absent,absent,device_verified_jit,absent,absent,absent,
cumsum,tessera.cumsum,reduction,no,bf16,bf16,fp32,public,registered,complete,fused,unsupported,unsupported,unsupported,absent,absent,device_verified_jit,absent,absent,absent,
cumsum,tessera.cumsum,reduction,no,fp16,fp16,fp32,public,registered,complete,fused,unsupported,unsupported,unsupported,absent,absent,device_verified_jit,absent,absent,absent,
cumsum,tessera.cumsum,reduction,no,fp32,fp32,fp32,public,registered,complete,fused,reference,device_verified_jit,reference,absent,absent,device_verified_jit,absent,absent,absent,
max,tessera.max,reduction,no,bf16,bf16,fp32,public,registered,complete,fused,unsupported,unsupported,unsupported,absent,device_verified_jit,device_verified_jit,absent,absent,absent,
max,tessera.max,reduction,no,fp16,fp16,fp32,public,registered,complete,fused,unsupported,unsupported,unsupported,absent,device_verified_jit,device_verified_jit,absent,absent,absent,
max,tessera.max,reduction,no,fp32,fp32,fp32,public,registered,complete,fused,reference,device_verified_jit,reference,absent,device_verified_jit,device_verified_jit,absent,absent,absent,
mean,tessera.mean,reduction,no,bf16,bf16,fp32,public,registered,complete,fused,unsupported,unsupported,unsupported,absent,device_verified_jit,device_verified_jit,absent,absent,absent,
mean,tessera.mean,reduction,no,fp16,fp16,fp32,public,registered,complete,fused,unsupported,unsupported,unsupported,absent,device_verified_jit,device_verified_jit,absent,absent,absent,
mean,tessera.mean,reduction,no,fp32,fp32,fp32,public,registered,complete,fused,reference,device_verified_jit,reference,absent,device_verified_jit,device_verified_jit,absent,absent,absent,
min,tessera.min,reduction,no,bf16,bf16,fp32,public,registered,complete,fused,unsupported,unsupported,unsupported,absent,device_verified_jit,device_verified_jit,absent,absent,absent,
min,tessera.min,reduction,no,fp16,fp16,fp32,public,registered,complete,fused,unsupported,unsupported,unsupported,absent,device_verified_jit,device_verified_jit,absent,absent,absent,
min,tessera.min,reduction,no,fp32,fp32,fp32,public,registered,complete,fused,reference,device_verified_jit,reference,absent,device_verified_jit,device_verified_jit,absent,absent,absent,
prod,tessera.prod,reduction,no,bf16,bf16,fp32,public,registered,complete,fused,unsupported,unsupported,unsupported,absent,absent,device_verified_jit,absent,absent,absent,
prod,tessera.prod,reduction,no,fp16,fp16,fp32,public,registered,complete,fused,unsupported,unsupported,unsupported,absent,absent,device_verified_jit,absent,absent,absent,
prod,tessera.prod,reduction,no,fp32,fp32,fp32,public,registered,complete,fused,reference,device_verified_jit,reference,absent,absent,device_verified_jit,absent,absent,absent,
std,tessera.std,reduction,no,bf16,bf16,fp32,public,registered,complete,fused,unsupported,unsupported,unsupported,absent,absent,device_verified_jit,absent,absent,absent,
std,tessera.std,reduction,no,fp16,fp16,fp32,public,registered,complete,fused,unsupported,unsupported,unsupported,absent,absent,device_verified_jit,absent,absent,absent,
std,tessera.std,reduction,no,fp32,fp32,fp32,public,registered,complete,fused,reference,device_verified_jit,reference,absent,absent,device_verified_jit,absent,absent,absent,
var,tessera.var,reduction,no,bf16,bf16,fp32,public,registered,complete,fused,unsupported,unsupported,unsupported,absent,absent,device_verified_jit,absent,absent,absent,
var,tessera.var,reduction,no,fp16,fp16,fp32,public,registered,complete,fused,unsupported,unsupported,unsupported,absent,absent,device_verified_jit,absent,absent,absent,
var,tessera.var,reduction,no,fp32,fp32,fp32,public,registered,complete,fused,reference,device_verified_jit,reference,absent,absent,device_verified_jit,absent,absent,absent,
cispo_policy_loss,tessera.rl.cispo_policy_loss,rl_loss,no,bf16,bf16,fp32,public,registered,complete,fused,unsupported,unsupported,unsupported,unsupported,absent,device_verified_jit,absent,absent,absent,
cispo_policy_loss,tessera.rl.cispo_policy_loss,rl_loss,no,fp16,fp16,fp32,public,registered,complete,fused,unsupported,unsupported,unsupported,unsupported,absent,device_verified_jit,absent,absent,absent,
cispo_policy_loss,tessera.rl.cispo_policy_loss,rl_loss,no,fp32,fp32,fp32,public,registered,complete,fused,reference,device_verified_jit,reference,device_verified_jit,absent,device_verified_jit,absent,absent,absent,
grpo_policy_loss,tessera.rl.grpo_policy_loss,rl_loss,no,bf16,bf16,fp32,public,registered,complete,fused,unsupported,unsupported,unsupported,unsupported,absent,device_verified_jit,absent,absent,absent,
grpo_policy_loss,tessera.rl.grpo_policy_loss,rl_loss,no,fp16,fp16,fp32,public,registered,complete,fused,unsupported,unsupported,unsupported,unsupported,absent,device_verified_jit,absent,absent,absent,
grpo_policy_loss,tessera.rl.grpo_policy_loss,rl_loss,no,fp32,fp32,fp32,public,registered,complete,fused,reference,device_verified_jit,reference,device_verified_jit,absent,device_verified_jit,absent,absent,absent,
normalize_group_advantages,tessera.rl.normalize_group_advantages,rl_loss,no,bf16,bf16,fp32,public,registered,complete,fused,unsupported,unsupported,unsupported,unsupported,absent,device_verified_jit,absent,absent,absent,
normalize_group_advantages,tessera.rl.normalize_group_advantages,rl_loss,no,fp16,fp16,fp32,public,registered,complete,fused,unsupported,unsupported,unsupported,unsupported,absent,device_verified_jit,absent,absent,absent,
normalize_group_advantages,tessera.rl.normalize_group_advantages,rl_loss,no,fp32,fp32,fp32,public,registered,complete,fused,reference,device_verified_jit,reference,device_verified_jit,absent,device_verified_jit,absent,absent,absent,
ppo_policy_loss,tessera.rl.ppo_policy_loss,rl_loss,no,bf16,bf16,fp32,public,registered,complete,fused,unsupported,unsupported,unsupported,unsupported,absent,device_verified_jit,absent,absent,absent,
ppo_policy_loss,tessera.rl.ppo_policy_loss,rl_loss,no,fp16,fp16,fp32,public,registered,complete,fused,unsupported,unsupported,unsupported,unsupported,absent,device_verified_jit,absent,absent,absent,
ppo_policy_loss,tessera.rl.ppo_policy_loss,rl_loss,no,fp32,fp32,fp32,public,registered,complete,fused,reference,device_verified_jit,reference,device_verified_jit,absent,device_verified_jit,absent,absent,absent,
rope,tessera.rope,rotary_embedding,yes,bf16,bf16,fp32,public,registered,complete,fused,unsupported,unsupported,unsupported,device_verified_abi,unsupported,device_verified_jit,absent,absent,absent,
rope,tessera.rope,rotary_embedding,yes,fp16,fp16,fp32,public,registered,complete,fused,unsupported,unsupported,unsupported,device_verified_abi,unsupported,device_verified_jit,absent,absent,absent,
rope,tessera.rope,rotary_embedding,yes,fp32,fp32,fp32,public,registered,complete,fused,reference,device_verified_jit,reference,device_verified_abi,artifact_only,device_verified_jit,absent,absent,absent,
game_mex,tessera.game_mex,segment_reduce,no,bf16,bf16,fp32,public,registered,complete,planned,unsupported,legal_only,unsupported,absent,absent,absent,absent,absent,absent,tile/physical/direct_test
game_mex,tessera.game_mex,segment_reduce,no,fp32,fp32,fp32,public,registered,complete,reference,reference,legal_only,reference,absent,absent,absent,absent,absent,absent,physical/direct_test
segment_reduce,tessera.segment_reduce,segment_reduce,yes,bf16,bf16,fp32,public,registered,complete,planned,unsupported,legal_only,unsupported,absent,absent,absent,absent,absent,absent,tile/physical/direct_test
segment_reduce,tessera.segment_reduce,segment_reduce,yes,fp32,fp32,fp32,public,registered,complete,reference,reference,legal_only,reference,absent,absent,absent,absent,absent,absent,physical/direct_test
argsort,tessera.argsort,sort,no,bf16,bf16,fp32,public,registered,complete,planned,unsupported,unsupported,unsupported,unsupported,absent,unsupported,absent,absent,absent,tile/physical/direct_test
argsort,tessera.argsort,sort,no,fp32,fp32,fp32,public,registered,complete,fused,reference,device_verified_jit,reference,device_verified_jit,absent,device_verified_jit,absent,absent,absent,
sort,tessera.sort,sort,no,bf16,bf16,fp32,public,registered,complete,planned,unsupported,unsupported,unsupported,unsupported,absent,unsupported,absent,absent,absent,tile/physical/direct_test
sort,tessera.sort,sort,no,fp32,fp32,fp32,public,registered,complete,fused,reference,device_verified_jit,reference,device_verified_jit,absent,device_verified_jit,absent,absent,absent,
top_k,tessera.top_k,sort,no,bf16,bf16,fp32,public,registered,complete,planned,unsupported,unsupported,unsupported,absent,absent,unsupported,absent,absent,absent,tile/physical/direct_test
top_k,tessera.top_k,sort,no,fp32,fp32,fp32,public,registered,complete,fused,reference,device_verified_jit,reference,absent,absent,device_verified_jit,absent,absent,absent,
bsmm,tessera.bsmm,sparse,yes,bf16,bf16,fp32,public,registered,complete,planned,unsupported,unsupported,unsupported,unsupported,absent,unsupported,absent,absent,absent,tile/physical/direct_test
bsmm,tessera.bsmm,sparse,yes,fp32,fp32,fp32,public,registered,complete,fused,reference,device_verified_jit,reference,device_verified_jit,absent,device_verified_jit,absent,absent,absent,
sddmm,tessera.sddmm,sparse,yes,bf16,bf16,fp32,public,registered,complete,planned,unsupported,unsupported,unsupported,unsupported,absent,unsupported,absent,absent,absent,tile/physical/direct_test
sddmm,tessera.sddmm,sparse,yes,fp32,fp32,fp32,public,registered,complete,fused,reference,device_verified_jit,reference,device_verified_jit,absent,device_verified_jit,absent,absent,absent,
spmm_coo,tessera.spmm_coo,sparse,yes,bf16,bf16,fp32,public,registered,complete,planned,unsupported,unsupported,unsupported,unsupported,absent,unsupported,absent,absent,absent,tile/physical/direct_test
spmm_coo,tessera.spmm_coo,sparse,yes,fp32,fp32,fp32,public,registered,complete,fused,reference,device_verified_jit,reference,device_verified_jit,absent,device_verified_jit,absent,absent,absent,
spmm_csr,tessera.spmm_csr,sparse,yes,bf16,bf16,fp32,public,registered,complete,planned,unsupported,unsupported,unsupported,unsupported,absent,unsupported,absent,absent,absent,tile/physical/direct_test
spmm_csr,tessera.spmm_csr,sparse,yes,fp32,fp32,fp32,public,registered,complete,fused,reference,device_verified_jit,reference,device_verified_jit,absent,device_verified_jit,absent,absent,absent,
dct,tessera.dct,spectral,yes,bf16,bf16,fp32,public,registered,complete,fused,unsupported,device_verified_jit,unsupported,absent,absent,device_verified_jit,absent,absent,absent,
dct,tessera.dct,spectral,yes,fp16,fp16,fp32,public,registered,complete,fused,unsupported,device_verified_jit,unsupported,absent,absent,device_verified_jit,absent,absent,absent,
dct,tessera.dct,spectral,yes,fp32,fp32,fp32,public,registered,complete,fused,reference,device_verified_jit,reference,absent,absent,device_verified_jit,absent,absent,absent,
fft,tessera.fft,spectral,yes,complex64,fp32x2_interleaved,fp32,public,registered,complete,fused,reference,device_verified_jit,reference,absent,absent,device_verified_jit,absent,absent,absent,
fft,tessera.fft,spectral,yes,fp32,fp32,fp32,public,registered,complete,fused,reference,device_verified_jit,reference,absent,absent,device_verified_jit,absent,absent,absent,
game_coalition_marginal,tessera.game_coalition_marginal,spectral,no,bf16,bf16,fp32,public,registered,complete,planned,unsupported,legal_only,unsupported,absent,absent,absent,absent,absent,absent,tile/physical/direct_test
game_coalition_marginal,tessera.game_coalition_marginal,spectral,no,fp32,fp32,fp32,public,registered,complete,reference,reference,legal_only,reference,absent,absent,absent,absent,absent,absent,physical/direct_test
game_subset_mobius,tessera.game_subset_mobius,spectral,no,bf16,bf16,fp32,public,registered,complete,planned,unsupported,legal_only,unsupported,absent,absent,absent,absent,absent,absent,tile/physical/direct_test
game_subset_mobius,tessera.game_subset_mobius,spectral,no,fp32,fp32,fp32,public,registered,complete,reference,reference,legal_only,reference,absent,absent,absent,absent,absent,absent,physical/direct_test
game_subset_zeta,tessera.game_subset_zeta,spectral,no,bf16,bf16,fp32,public,registered,complete,planned,unsupported,legal_only,unsupported,absent,absent,absent,absent,absent,absent,tile/physical/direct_test
game_subset_zeta,tessera.game_subset_zeta,spectral,no,fp32,fp32,fp32,public,registered,complete,reference,reference,legal_only,reference,absent,absent,absent,absent,absent,absent,physical/direct_test
game_superset_mobius,tessera.game_superset_mobius,spectral,no,bf16,bf16,fp32,public,registered,complete,planned,unsupported,legal_only,unsupported,absent,absent,absent,absent,absent,absent,tile/physical/direct_test
game_superset_mobius,tessera.game_superset_mobius,spectral,no,fp32,fp32,fp32,public,registered,complete,reference,reference,legal_only,reference,absent,absent,absent,absent,absent,absent,physical/direct_test
game_superset_zeta,tessera.game_superset_zeta,spectral,no,bf16,bf16,fp32,public,registered,complete,planned,unsupported,legal_only,unsupported,absent,absent,absent,absent,absent,absent,tile/physical/direct_test
game_superset_zeta,tessera.game_superset_zeta,spectral,no,fp32,fp32,fp32,public,registered,complete,reference,reference,legal_only,reference,absent,absent,absent,absent,absent,absent,physical/direct_test
ifft,tessera.ifft,spectral,yes,complex64,fp32x2_interleaved,fp32,public,registered,complete,fused,reference,device_verified_jit,reference,absent,absent,device_verified_jit,absent,absent,absent,
ifft,tessera.ifft,spectral,yes,fp32,fp32,fp32,public,registered,complete,fused,reference,device_verified_jit,reference,absent,absent,device_verified_jit,absent,absent,absent,
irfft,tessera.irfft,spectral,yes,complex64,fp32x2_interleaved,fp32,public,registered,complete,fused,reference,device_verified_jit,reference,absent,absent,device_verified_jit,absent,absent,absent,
irfft,tessera.irfft,spectral,yes,fp32,fp32,fp32,public,registered,complete,fused,reference,device_verified_jit,reference,absent,absent,device_verified_jit,absent,absent,absent,
istft,tessera.istft,spectral,yes,bf16,bf16,fp32,public,registered,complete,fused,unsupported,device_verified_jit,unsupported,absent,absent,device_verified_jit,absent,absent,absent,
istft,tessera.istft,spectral,yes,complex64,fp32x2_interleaved,fp32,public,registered,complete,fused,reference,device_verified_jit,reference,absent,absent,device_verified_jit,absent,absent,absent,
istft,tessera.istft,spectral,yes,fp16,fp16,fp32,public,registered,complete,fused,unsupported,device_verified_jit,unsupported,absent,absent,device_verified_jit,absent,absent,absent,
istft,tessera.istft,spectral,yes,fp32,fp32,fp32,public,registered,complete,fused,reference,device_verified_jit,reference,absent,absent,device_verified_jit,absent,absent,absent,
rfft,tessera.rfft,spectral,yes,complex64,fp32x2_interleaved,fp32,public,registered,complete,fused,reference,device_verified_jit,reference,absent,absent,device_verified_jit,absent,absent,absent,
rfft,tessera.rfft,spectral,yes,fp32,fp32,fp32,public,registered,complete,fused,reference,device_verified_jit,reference,absent,absent,device_verified_jit,absent,absent,absent,
spectral_conv,tessera.spectral_conv,spectral,yes,bf16,bf16,fp32,public,registered,complete,fused,unsupported,device_verified_jit,unsupported,absent,absent,device_verified_jit,absent,absent,absent,
spectral_conv,tessera.spectral_conv,spectral,yes,fp16,fp16,fp32,public,registered,complete,fused,unsupported,device_verified_jit,unsupported,absent,absent,device_verified_jit,absent,absent,absent,
spectral_conv,tessera.spectral_conv,spectral,yes,fp32,fp32,fp32,public,registered,complete,fused,reference,device_verified_jit,reference,absent,absent,device_verified_jit,absent,absent,absent,
spectral_filter,tessera.spectral_filter,spectral,yes,complex64,fp32x2_interleaved,fp32,public,registered,complete,fused,reference,device_verified_jit,reference,absent,absent,device_verified_jit,absent,absent,absent,
spectral_filter,tessera.spectral_filter,spectral,yes,fp32,fp32,fp32,public,registered,complete,fused,reference,device_verified_jit,reference,absent,absent,device_verified_jit,absent,absent,absent,
stft,tessera.stft,spectral,yes,bf16,bf16,fp32,public,registered,complete,fused,unsupported,device_verified_jit,unsupported,absent,absent,device_verified_jit,absent,absent,absent,
stft,tessera.stft,spectral,yes,complex64,fp32x2_interleaved,fp32,public,registered,complete,fused,reference,device_verified_jit,reference,absent,absent,device_verified_jit,absent,absent,absent,
stft,tessera.stft,spectral,yes,fp16,fp16,fp32,public,registered,complete,fused,unsupported,device_verified_jit,unsupported,absent,absent,device_verified_jit,absent,absent,absent,
stft,tessera.stft,spectral,yes,fp32,fp32,fp32,public,registered,complete,fused,reference,device_verified_jit,reference,absent,absent,device_verified_jit,absent,absent,absent,
log_softmax,tessera.log_softmax,stable_reduction,no,fp32,fp32,fp32,public,registered,complete,fused,reference,device_verified_jit,reference,absent,absent,device_verified_jit,absent,absent,absent,
logsumexp,tessera.logsumexp,stable_reduction,no,fp32,fp32,fp32,public,registered,complete,fused,reference,device_verified_jit,reference,absent,absent,device_verified_jit,absent,absent,absent,
reduce,tessera.reduce,stable_reduction,no,bf16,bf16,fp32,public,registered,complete,planned,unsupported,legal_only,unsupported,absent,absent,absent,absent,absent,absent,tile/physical/direct_test
reduce,tessera.reduce,stable_reduction,no,fp32,fp32,fp32,public,registered,complete,reference,reference,legal_only,reference,absent,absent,absent,absent,absent,absent,physical/direct_test
sigmoid_safe,tessera.sigmoid_safe,stable_reduction,no,bf16,bf16,fp32,public,registered,complete,planned,unsupported,unsupported,unsupported,absent,absent,unsupported,absent,absent,absent,tile/physical/direct_test
sigmoid_safe,tessera.sigmoid_safe,stable_reduction,no,fp32,fp32,fp32,public,registered,complete,fused,reference,device_verified_jit,reference,absent,absent,device_verified_jit,absent,absent,absent,
softmax,tessera.softmax,stable_reduction,yes,bf16,bf16,fp32,public,registered,complete,fused,unsupported,unsupported,unsupported,device_verified_abi,device_verified_jit,device_verified_jit,absent,absent,absent,
softmax,tessera.softmax,stable_reduction,yes,fp16,fp16,fp32,public,registered,complete,fused,unsupported,unsupported,unsupported,device_verified_abi,device_verified_jit,device_verified_jit,absent,absent,absent,
softmax,tessera.softmax,stable_reduction,yes,fp32,fp32,fp32,public,registered,complete,fused,reference,device_verified_jit,fused,device_verified_abi,device_verified_jit,device_verified_jit,absent,absent,absent,
softmax_safe,tessera.softmax_safe,stable_reduction,no,bf16,bf16,fp32,public,registered,complete,fused,unsupported,unsupported,unsupported,device_verified_abi,artifact_only,unsupported,absent,absent,absent,
softmax_safe,tessera.softmax_safe,stable_reduction,no,fp16,fp16,fp32,public,registered,complete,fused,unsupported,unsupported,unsupported,device_verified_abi,artifact_only,unsupported,absent,absent,absent,
softmax_safe,tessera.softmax_safe,stable_reduction,no,fp32,fp32,fp32,public,registered,complete,fused,reference,device_verified_jit,reference,device_verified_abi,artifact_only,device_verified_jit,absent,absent,absent,
sum,tessera.reduce,stable_reduction,no,bf16,bf16,fp32,public,registered,complete,fused,unsupported,unsupported,unsupported,unsupported,device_verified_jit,device_verified_jit,absent,absent,absent,
sum,tessera.reduce,stable_reduction,no,fp16,fp16,fp32,public,registered,complete,fused,unsupported,unsupported,unsupported,unsupported,device_verified_jit,device_verified_jit,absent,absent,absent,
sum,tessera.reduce,stable_reduction,no,fp32,fp32,fp32,public,registered,complete,fused,reference,device_verified_jit,reference,device_verified_jit,device_verified_jit,device_verified_jit,absent,absent,absent,
selective_ssm,tessera.selective_ssm,state_space,no,bf16,bf16,fp32,public,registered,complete,fused,unsupported,device_verified_jit,unsupported,absent,absent,device_verified_jit,absent,absent,absent,
selective_ssm,tessera.selective_ssm,state_space,no,fp16,fp16,fp32,public,registered,complete,fused,unsupported,device_verified_jit,unsupported,absent,absent,device_verified_jit,absent,absent,absent,
selective_ssm,tessera.selective_ssm,state_space,no,fp32,fp32,fp32,public,registered,complete,fused,reference,device_verified_jit,reference,absent,absent,device_verified_jit,absent,absent,absent,
cache_commit,tessera.cache.commit,state_update,no,bf16,bf16,fp32,public,registered,complete,planned,unsupported,legal_only,unsupported,absent,absent,absent,absent,absent,absent,tile/physical/direct_test
cache_commit,tessera.cache.commit,state_update,no,fp32,fp32,fp32,public,registered,complete,reference,reference,legal_only,reference,absent,absent,absent,absent,absent,absent,physical/direct_test
cache_rollback,tessera.cache.rollback,state_update,no,bf16,bf16,fp32,public,registered,complete,planned,unsupported,legal_only,unsupported,absent,absent,absent,absent,absent,absent,tile/physical/direct_test
cache_rollback,tessera.cache.rollback,state_update,no,fp32,fp32,fp32,public,registered,complete,reference,reference,legal_only,reference,absent,absent,absent,absent,absent,absent,physical/direct_test
kv_cache_append,tessera.kv_cache.append,state_update,no,bf16,bf16,fp32,public,registered,complete,planned,unsupported,legal_only,unsupported,absent,absent,unsupported,absent,absent,absent,tile/physical/direct_test
kv_cache_append,tessera.kv_cache.append,state_update,no,fp32,fp32,fp32,public,registered,complete,not_applicable,reference,legal_only,reference,absent,absent,device_verified_jit,absent,absent,absent,
kv_cache_prune,tessera.kv_cache.prune,state_update,no,bf16,bf16,fp32,public,registered,complete,planned,unsupported,legal_only,unsupported,absent,absent,unsupported,absent,absent,absent,tile/physical/direct_test
kv_cache_prune,tessera.kv_cache.prune,state_update,no,fp32,fp32,fp32,public,registered,complete,not_applicable,reference,legal_only,reference,absent,absent,device_verified_jit,absent,absent,absent,
kv_cache_read,tessera.kv_cache.read,state_update,no,bf16,bf16,fp32,public,registered,complete,fused,unsupported,unsupported,unsupported,fused,unsupported,unsupported,absent,absent,absent,
kv_cache_read,tessera.kv_cache.read,state_update,no,fp16,fp16,fp32,public,registered,complete,fused,unsupported,unsupported,unsupported,fused,unsupported,unsupported,absent,absent,absent,
kv_cache_read,tessera.kv_cache.read,state_update,no,fp32,fp32,fp32,public,registered,complete,fused,reference,device_verified_jit,reference,fused,device_verified_jit,device_verified_jit,absent,absent,absent,
conv2d,tessera.conv2d_nhwc,stencil,yes,bf16,bf16,fp32,public,registered,complete,fused,unsupported,unsupported,unsupported,device_verified_abi,unsupported,device_verified_jit,absent,absent,absent,
conv2d,tessera.conv2d_nhwc,stencil,yes,fp16,fp16,fp32,public,registered,complete,fused,unsupported,unsupported,unsupported,device_verified_abi,unsupported,device_verified_jit,absent,absent,absent,
conv2d,tessera.conv2d_nhwc,stencil,yes,fp32,fp32,fp32,public,registered,complete,fused,reference,device_verified_jit,reference,device_verified_abi,device_verified_jit,unsupported,absent,absent,absent,
conv3d,tessera.conv3d_ndhwc,stencil,yes,bf16,bf16,fp32,public,registered,complete,fused,unsupported,unsupported,unsupported,absent,absent,device_verified_jit,absent,absent,absent,
conv3d,tessera.conv3d_ndhwc,stencil,yes,fp16,fp16,fp32,public,registered,complete,fused,unsupported,unsupported,unsupported,absent,absent,device_verified_jit,absent,absent,absent,
conv3d,tessera.conv3d_ndhwc,stencil,yes,fp32,fp32,fp32,public,registered,complete,fused,reference,device_verified_jit,reference,absent,absent,unsupported,absent,absent,absent,
check_cauchy_riemann,tessera.check_cauchy_riemann,visual_complex,no,bf16,bf16,fp32,public,registered,complete,planned,unsupported,unsupported,unsupported,unsupported,planned,unsupported,absent,absent,absent,tile/physical/direct_test
check_cauchy_riemann,tessera.check_cauchy_riemann,visual_complex,no,fp16,fp16,fp32,public,registered,complete,planned,unsupported,unsupported,unsupported,unsupported,planned,unsupported,absent,absent,absent,tile/physical/direct_test
check_cauchy_riemann,tessera.check_cauchy_riemann,visual_complex,no,fp32,fp32,fp32,public,registered,complete,not_applicable,reference,fused,reference,device_verified_jit,planned,device_verified_jit,absent,absent,absent,
complex_abs,tessera.complex_abs,visual_complex,no,bf16,bf16,fp32,public,registered,complete,planned,unsupported,unsupported,unsupported,unsupported,planned,unsupported,absent,absent,absent,tile/physical/direct_test
complex_abs,tessera.complex_abs,visual_complex,no,complex64,fp32x2_interleaved,fp32,public,registered,complete,fused,reference,fused,reference,device_verified_jit,planned,device_verified_jit,absent,absent,absent,
complex_abs,tessera.complex_abs,visual_complex,no,fp16,fp16,fp32,public,registered,complete,planned,unsupported,unsupported,unsupported,unsupported,planned,unsupported,absent,absent,absent,tile/physical/direct_test
complex_abs,tessera.complex_abs,visual_complex,no,fp32,fp32,fp32,public,registered,complete,fused,reference,fused,reference,device_verified_jit,planned,device_verified_jit,absent,absent,absent,
complex_arg,tessera.complex_arg,visual_complex,no,bf16,bf16,fp32,public,registered,complete,planned,unsupported,unsupported,unsupported,unsupported,planned,unsupported,absent,absent,absent,tile/physical/direct_test
complex_arg,tessera.complex_arg,visual_complex,no,complex64,fp32x2_interleaved,fp32,public,registered,complete,fused,reference,fused,reference,device_verified_jit,planned,device_verified_jit,absent,absent,absent,
complex_arg,tessera.complex_arg,visual_complex,no,fp16,fp16,fp32,public,registered,complete,planned,unsupported,unsupported,unsupported,unsupported,planned,unsupported,absent,absent,absent,tile/physical/direct_test
complex_arg,tessera.complex_arg,visual_complex,no,fp32,fp32,fp32,public,registered,complete,fused,reference,fused,reference,device_verified_jit,planned,device_verified_jit,absent,absent,absent,
complex_conjugate,tessera.complex_conjugate,visual_complex,no,bf16,bf16,fp32,public,registered,complete,planned,unsupported,unsupported,unsupported,unsupported,planned,unsupported,absent,absent,absent,tile/physical/direct_test
complex_conjugate,tessera.complex_conjugate,visual_complex,no,complex64,fp32x2_interleaved,fp32,public,registered,complete,fused,reference,fused,reference,device_verified_jit,planned,device_verified_jit,absent,absent,absent,
complex_conjugate,tessera.complex_conjugate,visual_complex,no,fp16,fp16,fp32,public,registered,complete,planned,unsupported,unsupported,unsupported,unsupported,planned,unsupported,absent,absent,absent,tile/physical/direct_test
complex_conjugate,tessera.complex_conjugate,visual_complex,no,fp32,fp32,fp32,public,registered,complete,fused,reference,fused,reference,device_verified_jit,planned,device_verified_jit,absent,absent,absent,
complex_div,tessera.complex_div,visual_complex,no,bf16,bf16,fp32,public,registered,complete,planned,unsupported,unsupported,unsupported,unsupported,planned,unsupported,absent,absent,absent,tile/physical/direct_test
complex_div,tessera.complex_div,visual_complex,no,complex64,fp32x2_interleaved,fp32,public,registered,complete,fused,reference,fused,reference,device_verified_jit,planned,device_verified_jit,absent,absent,absent,
complex_div,tessera.complex_div,visual_complex,no,fp16,fp16,fp32,public,registered,complete,planned,unsupported,unsupported,unsupported,unsupported,planned,unsupported,absent,absent,absent,tile/physical/direct_test
complex_div,tessera.complex_div,visual_complex,no,fp32,fp32,fp32,public,registered,complete,fused,reference,fused,reference,device_verified_jit,planned,device_verified_jit,absent,absent,absent,
complex_exp,tessera.complex_exp,visual_complex,no,bf16,bf16,fp32,public,not_applicable,complete,planned,unsupported,unsupported,unsupported,unsupported,planned,unsupported,absent,absent,absent,tile/physical/direct_test
complex_exp,tessera.complex_exp,visual_complex,no,complex64,fp32x2_interleaved,fp32,public,not_applicable,complete,fused,reference,fused,reference,fused,planned,device_verified_jit,absent,absent,absent,
complex_exp,tessera.complex_exp,visual_complex,no,fp16,fp16,fp32,public,not_applicable,complete,planned,unsupported,unsupported,unsupported,unsupported,planned,unsupported,absent,absent,absent,tile/physical/direct_test
complex_exp,tessera.complex_exp,visual_complex,no,fp32,fp32,fp32,public,not_applicable,complete,fused,reference,fused,reference,fused,planned,device_verified_jit,absent,absent,absent,
complex_log,tessera.complex_log,visual_complex,no,bf16,bf16,fp32,public,registered,complete,planned,unsupported,unsupported,unsupported,unsupported,planned,unsupported,absent,absent,absent,tile/physical/direct_test
complex_log,tessera.complex_log,visual_complex,no,complex64,fp32x2_interleaved,fp32,public,registered,complete,fused,reference,fused,reference,device_verified_jit,planned,device_verified_jit,absent,absent,absent,
complex_log,tessera.complex_log,visual_complex,no,fp16,fp16,fp32,public,registered,complete,planned,unsupported,unsupported,unsupported,unsupported,planned,unsupported,absent,absent,absent,tile/physical/direct_test
complex_log,tessera.complex_log,visual_complex,no,fp32,fp32,fp32,public,registered,complete,fused,reference,fused,reference,device_verified_jit,planned,device_verified_jit,absent,absent,absent,
complex_mul,tessera.complex_mul,visual_complex,no,bf16,bf16,fp32,public,not_applicable,complete,planned,unsupported,unsupported,unsupported,unsupported,planned,unsupported,absent,absent,absent,tile/physical/direct_test
complex_mul,tessera.complex_mul,visual_complex,no,complex64,fp32x2_interleaved,fp32,public,not_applicable,complete,fused,reference,fused,reference,fused,planned,device_verified_jit,absent,absent,absent,
complex_mul,tessera.complex_mul,visual_complex,no,fp16,fp16,fp32,public,not_applicable,complete,planned,unsupported,unsupported,unsupported,unsupported,planned,unsupported,absent,absent,absent,tile/physical/direct_test
complex_mul,tessera.complex_mul,visual_complex,no,fp32,fp32,fp32,public,not_applicable,complete,fused,reference,fused,reference,fused,planned,device_verified_jit,absent,absent,absent,
complex_pow,tessera.complex_pow,visual_complex,no,bf16,bf16,fp32,public,registered,complete,planned,unsupported,unsupported,unsupported,unsupported,planned,unsupported,absent,absent,absent,tile/physical/direct_test
complex_pow,tessera.complex_pow,visual_complex,no,complex64,fp32x2_interleaved,fp32,public,registered,complete,fused,reference,fused,reference,device_verified_jit,planned,device_verified_jit,absent,absent,absent,
complex_pow,tessera.complex_pow,visual_complex,no,fp16,fp16,fp32,public,registered,complete,planned,unsupported,unsupported,unsupported,unsupported,planned,unsupported,absent,absent,absent,tile/physical/direct_test
complex_pow,tessera.complex_pow,visual_complex,no,fp32,fp32,fp32,public,registered,complete,fused,reference,fused,reference,device_verified_jit,planned,device_verified_jit,absent,absent,absent,
complex_sqrt,tessera.complex_sqrt,visual_complex,no,bf16,bf16,fp32,public,registered,complete,planned,unsupported,unsupported,unsupported,unsupported,planned,unsupported,absent,absent,absent,tile/physical/direct_test
complex_sqrt,tessera.complex_sqrt,visual_complex,no,complex64,fp32x2_interleaved,fp32,public,registered,complete,fused,reference,fused,reference,device_verified_jit,planned,device_verified_jit,absent,absent,absent,
complex_sqrt,tessera.complex_sqrt,visual_complex,no,fp16,fp16,fp32,public,registered,complete,planned,unsupported,unsupported,unsupported,unsupported,planned,unsupported,absent,absent,absent,tile/physical/direct_test
complex_sqrt,tessera.complex_sqrt,visual_complex,no,fp32,fp32,fp32,public,registered,complete,fused,reference,fused,reference,device_verified_jit,planned,device_verified_jit,absent,absent,absent,
conformal_energy_on_sphere,tessera.conformal_energy_on_sphere,visual_complex,no,bf16,bf16,fp32,public,registered,complete,planned,unsupported,unsupported,unsupported,unsupported,planned,unsupported,absent,absent,absent,tile/physical/direct_test
conformal_energy_on_sphere,tessera.conformal_energy_on_sphere,visual_complex,no,fp16,fp16,fp32,public,registered,complete,planned,unsupported,unsupported,unsupported,unsupported,planned,unsupported,absent,absent,absent,tile/physical/direct_test
conformal_energy_on_sphere,tessera.conformal_energy_on_sphere,visual_complex,no,fp32,fp32,fp32,public,registered,complete,not_applicable,reference,fused,reference,device_verified_jit,planned,device_verified_jit,absent,absent,absent,
conformal_jacobian,tessera.conformal_jacobian,visual_complex,no,bf16,bf16,fp32,public,registered,complete,planned,unsupported,unsupported,unsupported,unsupported,planned,unsupported,absent,absent,absent,tile/physical/direct_test
conformal_jacobian,tessera.conformal_jacobian,visual_complex,no,fp16,fp16,fp32,public,registered,complete,planned,unsupported,unsupported,unsupported,unsupported,planned,unsupported,absent,absent,absent,tile/physical/direct_test
conformal_jacobian,tessera.conformal_jacobian,visual_complex,no,fp32,fp32,fp32,public,registered,complete,not_applicable,reference,fused,reference,device_verified_jit,planned,device_verified_jit,absent,absent,absent,
cross_ratio,tessera.cross_ratio,visual_complex,no,bf16,bf16,fp32,public,registered,complete,planned,unsupported,unsupported,unsupported,unsupported,planned,unsupported,absent,absent,absent,tile/physical/direct_test
cross_ratio,tessera.cross_ratio,visual_complex,no,complex64,fp32x2_interleaved,fp32,public,registered,complete,not_applicable,reference,fused,reference,device_verified_jit,planned,device_verified_jit,absent,absent,absent,
cross_ratio,tessera.cross_ratio,visual_complex,no,fp16,fp16,fp32,public,registered,complete,planned,unsupported,unsupported,unsupported,unsupported,planned,unsupported,absent,absent,absent,tile/physical/direct_test
cross_ratio,tessera.cross_ratio,visual_complex,no,fp32,fp32,fp32,public,registered,complete,not_applicable,reference,fused,reference,device_verified_jit,planned,device_verified_jit,absent,absent,absent,
dbar,tessera.dbar,visual_complex,no,bf16,bf16,fp32,public,registered,complete,planned,unsupported,unsupported,unsupported,unsupported,planned,unsupported,absent,absent,absent,tile/physical/direct_test
dbar,tessera.dbar,visual_complex,no,fp16,fp16,fp32,public,registered,complete,planned,unsupported,unsupported,unsupported,unsupported,planned,unsupported,absent,absent,absent,tile/physical/direct_test
dbar,tessera.dbar,visual_complex,no,fp32,fp32,fp32,public,registered,complete,not_applicable,reference,fused,reference,device_verified_jit,planned,device_verified_jit,absent,absent,absent,
dz,tessera.dz,visual_complex,no,bf16,bf16,fp32,public,registered,complete,planned,unsupported,unsupported,unsupported,unsupported,planned,unsupported,absent,absent,absent,tile/physical/direct_test
dz,tessera.dz,visual_complex,no,fp16,fp16,fp32,public,registered,complete,planned,unsupported,unsupported,unsupported,unsupported,planned,unsupported,absent,absent,absent,tile/physical/direct_test
dz,tessera.dz,visual_complex,no,fp32,fp32,fp32,public,registered,complete,not_applicable,reference,fused,reference,device_verified_jit,planned,device_verified_jit,absent,absent,absent,
is_concyclic,tessera.is_concyclic,visual_complex,no,bf16,bf16,fp32,public,registered,complete,planned,unsupported,unsupported,unsupported,unsupported,planned,unsupported,absent,absent,absent,tile/physical/direct_test
is_concyclic,tessera.is_concyclic,visual_complex,no,fp16,fp16,fp32,public,registered,complete,planned,unsupported,unsupported,unsupported,unsupported,planned,unsupported,absent,absent,absent,tile/physical/direct_test
is_concyclic,tessera.is_concyclic,visual_complex,no,fp32,fp32,fp32,public,registered,complete,not_applicable,reference,fused,reference,device_verified_jit,planned,device_verified_jit,absent,absent,absent,
laplacian_2d,tessera.laplacian_2d,visual_complex,no,bf16,bf16,fp32,public,registered,complete,planned,unsupported,unsupported,unsupported,unsupported,planned,unsupported,absent,absent,absent,tile/physical/direct_test
laplacian_2d,tessera.laplacian_2d,visual_complex,no,fp16,fp16,fp32,public,registered,complete,planned,unsupported,unsupported,unsupported,unsupported,planned,unsupported,absent,absent,absent,tile/physical/direct_test
laplacian_2d,tessera.laplacian_2d,visual_complex,no,fp32,fp32,fp32,public,registered,complete,not_applicable,reference,fused,reference,device_verified_jit,planned,device_verified_jit,absent,absent,absent,
mobius,tessera.mobius,visual_complex,no,bf16,bf16,fp32,public,not_applicable,complete,planned,unsupported,unsupported,unsupported,unsupported,absent,unsupported,absent,absent,absent,tile/physical/direct_test
mobius,tessera.mobius,visual_complex,no,complex64,fp32x2_interleaved,fp32,public,not_applicable,complete,fused,reference,device_verified_jit,reference,device_verified_jit,absent,device_verified_jit,absent,absent,absent,
mobius,tessera.mobius,visual_complex,no,fp32,fp32,fp32,public,not_applicable,complete,fused,reference,device_verified_jit,reference,device_verified_jit,absent,device_verified_jit,absent,absent,absent,
mobius_from_three_points,tessera.mobius_from_three_points,visual_complex,no,bf16,bf16,fp32,public,registered,complete,planned,unsupported,unsupported,unsupported,unsupported,planned,unsupported,absent,absent,absent,tile/physical/direct_test
mobius_from_three_points,tessera.mobius_from_three_points,visual_complex,no,fp16,fp16,fp32,public,registered,complete,planned,unsupported,unsupported,unsupported,unsupported,planned,unsupported,absent,absent,absent,tile/physical/direct_test
mobius_from_three_points,tessera.mobius_from_three_points,visual_complex,no,fp32,fp32,fp32,public,registered,complete,not_applicable,reference,fused,reference,device_verified_jit,planned,device_verified_jit,absent,absent,absent,
stereographic,tessera.stereographic,visual_complex,no,bf16,bf16,fp32,public,not_applicable,complete,planned,unsupported,unsupported,unsupported,unsupported,absent,unsupported,absent,absent,absent,tile/physical/direct_test
stereographic,tessera.stereographic,visual_complex,no,complex64,fp32x2_interleaved,fp32,public,not_applicable,complete,fused,reference,device_verified_jit,reference,device_verified_jit,absent,device_verified_jit,absent,absent,absent,
stereographic,tessera.stereographic,visual_complex,no,fp32,fp32,fp32,public,not_applicable,complete,fused,reference,device_verified_jit,reference,device_verified_jit,absent,device_verified_jit,absent,absent,absent,
